title,url,comment
,https://www.youtube.com/watch?v=aD47lKCRWR8&pp=ygUFQXVyb24%3D,"Agente 47: asesino perfecto, entra y sale sin que nadie se d√© cuenta, sus asesinatos suelen quedar como accidentes.
Auron: vale, entonces mato al guardia de la entrada, dejo inconsciente al jardinero, me cargo a la sirvienta, tiroteo en medio del sal√≥n..."
,https://www.youtube.com/watch?v=aD47lKCRWR8&pp=ygUFQXVyb24%3D,"Auron: Ô∏è 
El juego: MUERTE INNECESARIA"
,https://www.youtube.com/watch?v=aD47lKCRWR8&pp=ygUFQXVyb24%3D,"Auron: modo silencioso
5:38 ""hola buenas"""
,https://www.youtube.com/watch?v=aD47lKCRWR8&pp=ygUFQXVyb24%3D,"Como siempre el auron, enemigo de los tutoriales "
,https://www.youtube.com/watch?v=aD47lKCRWR8&pp=ygUFQXVyb24%3D,7:26 auron cumpliendo su Palabra de Pegarle a la Vieja 
,https://www.youtube.com/watch?v=aD47lKCRWR8&pp=ygUFQXVyb24%3D,"Un video de auron, 10 a√±os m√°s de vida"
,https://www.youtube.com/watch?v=aD47lKCRWR8&pp=ygUFQXVyb24%3D,30:08 bienvenido al Catatumbo
,https://www.youtube.com/watch?v=aD47lKCRWR8&pp=ygUFQXVyb24%3D,8:10 esaa persona del chat se merece absolutamente nada jajajja xd
,https://www.youtube.com/watch?v=aD47lKCRWR8&pp=ygUFQXVyb24%3D,"Auron jugando hitman, simplemente lo mejor del mes"
,https://www.youtube.com/watch?v=aD47lKCRWR8&pp=ygUFQXVyb24%3D,Que capo Auron tremendas muertes se metio. Muy buena la visita a Argentina epico.
,https://www.youtube.com/watch?v=aD47lKCRWR8&pp=ygUFQXVyb24%3D,Q pedazo de editor q buenos zooms y q buenos cortes en los momentos precisos
,https://www.youtube.com/watch?v=aD47lKCRWR8&pp=ygUFQXVyb24%3D,"12:39 Auron: ""¬øViejaaa? CON SATAN!!""
El asesino m√°s discreto del mundo... ;)"
,https://www.youtube.com/watch?v=aD47lKCRWR8&pp=ygUFQXVyb24%3D,"37:31 , bukele esta orgulloso"
,https://www.youtube.com/watch?v=aD47lKCRWR8&pp=ygUFQXVyb24%3D,12:56 se cruza con el otro JAJJAJAJJA
,https://www.youtube.com/watch?v=aD47lKCRWR8&pp=ygUFQXVyb24%3D,Auron como un gran guerrero
,https://www.youtube.com/watch?v=aD47lKCRWR8&pp=ygUFQXVyb24%3D,Que loco es ver mendoza en un juego. MI PROVINCIA
,https://www.youtube.com/watch?v=aD47lKCRWR8&pp=ygUFQXVyb24%3D,"18:33 JAJAJAJAJAJAJA PUTO AMO, AURON VA POR SU CASA"
,https://www.youtube.com/watch?v=aD47lKCRWR8&pp=ygUFQXVyb24%3D,"Sin duda Auron el mejor en el sigilo.
El mejor agente jajaja"
,https://www.youtube.com/watch?v=aD47lKCRWR8&pp=ygUFQXVyb24%3D,Grande jokki por fin trabajando co√±ooo
,https://www.youtube.com/watch?v=aD47lKCRWR8&pp=ygUFQXVyb24%3D,Como que no hay video de auron siendo el mejor cajero del mundo? 
,https://www.youtube.com/watch?v=aD47lKCRWR8&pp=ygUFQXVyb24%3D,"Joki me la meti√≥,porfin joki trabaja"
,https://www.youtube.com/watch?v=aD47lKCRWR8&pp=ygUFQXVyb24%3D,"En cuanto nombr√≥ lo de agente 47 me acord√© del agente 87, que recuerdos jajajaj."
,https://www.youtube.com/watch?v=aD47lKCRWR8&pp=ygUFQXVyb24%3D,"Hace poco lo compre por 32 d√≥lares  y no me arrepiento,  pero es raro ver que alguien vuelva a subir el juego siendo ya algo antiguo pero me alegra bastante la verdad "
,https://www.youtube.com/watch?v=aD47lKCRWR8&pp=ygUFQXVyb24%3D,Se paso un nivel matanto a todos siendo este de sigilo  un grande auton
,https://www.youtube.com/watch?v=aD47lKCRWR8&pp=ygUFQXVyb24%3D,Como me cage de la risa 7:20 
,https://www.youtube.com/watch?v=aD47lKCRWR8&pp=ygUFQXVyb24%3D,"Hace 2 Dias fallecio mi perro, pero gracias a los Videos de Auron, siempre me animan, a pesar de los problemas que tengo, siempre estos videos me hacen feliz y olvidar mis problemas... Muchas gracias Auron y ojala que sigas subiendo Contenido "
,https://www.youtube.com/watch?v=aD47lKCRWR8&pp=ygUFQXVyb24%3D,Vamos video esclusivo para YouTube un saludo AuronPlayas Ô∏è si ves esto hace mucho no ve√≠a est√© juego
,https://www.youtube.com/watch?v=aD47lKCRWR8&pp=ygUFQXVyb24%3D, disparando al reflejo de el mismo en el espejo  eres lo mejor @Auronplay üá™üá∏
,https://www.youtube.com/watch?v=aD47lKCRWR8&pp=ygUFQXVyb24%3D,1000 muertes innecesarias jajajajaja te amo auron 
,https://www.youtube.com/watch?v=aD47lKCRWR8&pp=ygUFQXVyb24%3D,"LIKE  Si Crees Que Este Video No Lo Edito "" Joki "" Ya Solo Por La Intro "
,https://www.youtube.com/watch?v=aD47lKCRWR8&pp=ygUFQXVyb24%3D,"Que grande jokki haciendonos felices con otro nuevo video, y un tal auron tambi√©n"
,https://www.youtube.com/watch?v=aD47lKCRWR8&pp=ygUFQXVyb24%3D,27:13  a mamarla
,https://www.youtube.com/watch?v=aD47lKCRWR8&pp=ygUFQXVyb24%3D,Empieza la recta final de Auron <3 <3
,https://www.youtube.com/watch?v=aD47lKCRWR8&pp=ygUFQXVyb24%3D,Por fin un jugado ramdon
,https://www.youtube.com/watch?v=aD47lKCRWR8&pp=ygUFQXVyb24%3D,"La misi√≥n: Eliminar a un solo objetivo, evitando bajas innecesarias.
Auron: Que barra medio mapa. Entendido."
,https://www.youtube.com/watch?v=aD47lKCRWR8&pp=ygUFQXVyb24%3D,Auron por favor juega mas Hitman. Es un maldito juegazo como ya habr√°s visto y tu lo haces muy gracioso
,https://www.youtube.com/watch?v=aD47lKCRWR8&pp=ygUFQXVyb24%3D,Bienvenido de vuelta auron
,https://www.youtube.com/watch?v=aD47lKCRWR8&pp=ygUFQXVyb24%3D,lo de que me este viendo todos  los videos a los 10 minutos de subidos. auron juega mas el del super me molaaaaa tio co√±o tia me meo para
,https://www.youtube.com/watch?v=aD47lKCRWR8&pp=ygUFQXVyb24%3D,Est√° parte es la que mas me di√≥ risa 37:00 auron la pone a bailar en el suelo jajaja.
,https://www.youtube.com/watch?v=aD47lKCRWR8&pp=ygUFQXVyb24%3D,Ame esto haz m√°s videos as√≠ auron
,https://www.youtube.com/watch?v=aD47lKCRWR8&pp=ygUFQXVyb24%3D,La parte final fue mi favorita aahh como me rei espero siga con la serie
,https://www.youtube.com/watch?v=aD47lKCRWR8&pp=ygUFQXVyb24%3D,13:29 JAJAJSDJAJSDJASD POR QU√â REMAT√ì
,https://www.youtube.com/watch?v=aD47lKCRWR8&pp=ygUFQXVyb24%3D,"No asesines tantoo por favor, Gracias grande por el video esta Bueno :D"
,https://www.youtube.com/watch?v=aD47lKCRWR8&pp=ygUFQXVyb24%3D,"* Masacra a toda la aldea * Diana: un trabajo excelente, 47."
,https://www.youtube.com/watch?v=aD47lKCRWR8&pp=ygUFQXVyb24%3D,"Aun no te vayas:(, quiero seguirte ver antes de ir a trabajar "
,https://www.youtube.com/watch?v=aD47lKCRWR8&pp=ygUFQXVyb24%3D,5:54 Esta es unas de las mierdas m√°s graciosas que he visto en mi vida jajaj
,https://www.youtube.com/watch?v=aD47lKCRWR8&pp=ygUFQXVyb24%3D,36:34 Lo mejor 
,https://www.youtube.com/watch?v=aD47lKCRWR8&pp=ygUFQXVyb24%3D,Grande auronnn un saluditoo
,https://www.youtube.com/watch?v=aD47lKCRWR8&pp=ygUFQXVyb24%3D,"La intro de Joki, simplemente arte, todo lo dem√°s es extra."
,https://www.youtube.com/watch?v=aD47lKCRWR8&pp=ygUFQXVyb24%3D,"Que crack Auron jugando con Ewan McGregor, el que hace de Obi Wan 

Que indanisad, luchando con un jedi"
,https://www.youtube.com/watch?v=aD47lKCRWR8&pp=ygUFQXVyb24%3D,Primer cubano auronÔ∏èüá®üá∫
,https://www.youtube.com/watch?v=aD47lKCRWR8&pp=ygUFQXVyb24%3D,DIOOOOOOOOOOOOOOOS mis dos √≠dolos en un solo videito
,https://www.youtube.com/watch?v=aD47lKCRWR8&pp=ygUFQXVyb24%3D,"Auron el ninja, todo pro jugando al hitman"
,https://www.youtube.com/watch?v=aD47lKCRWR8&pp=ygUFQXVyb24%3D,Jokki te amamooooos
,https://www.youtube.com/watch?v=aD47lKCRWR8&pp=ygUFQXVyb24%3D,"esto es oro, ojal√° lo siga jugando"
,https://www.youtube.com/watch?v=aD47lKCRWR8&pp=ygUFQXVyb24%3D,"Podr√≠as plantearte jugarlo un poco mas en orden para ir haci√©ndolo de menos a mas dificultad y pensarlo como uno de estos juegos de ir mejorando que tanto te gustan. A mi en lo personal me encanto verte jugar este juego, me divert√≠ mucho."
,https://www.youtube.com/watch?v=aD47lKCRWR8&pp=ygUFQXVyb24%3D,"Esperaba un video del mejor supermercado, pero me siento satisfecho "
,https://www.youtube.com/watch?v=aD47lKCRWR8&pp=ygUFQXVyb24%3D,"8:58 procede a dejar inconsciente a mujer inocente 
Auron:Callate 
Le rompe el cuello 
Auron:Bueno es lo que hay amigos, algo habr√° hecho xd"
,https://www.youtube.com/watch?v=aD47lKCRWR8&pp=ygUFQXVyb24%3D,19:50 si lo hubiera agarrado y arrastrado r√°pido hacia los escombros de atras no le hubieran atrapado jajaj
,https://www.youtube.com/watch?v=aD47lKCRWR8&pp=ygUFQXVyb24%3D,"Hazlo denuevo Auron,Ô∏è PERO ROLEA CO√ëOO !!! ROLEA ROLEA !"
,https://www.youtube.com/watch?v=aD47lKCRWR8&pp=ygUFQXVyb24%3D,"Gracias por un nuevo video Auron ! Tus videos me ayudan a no estar tan deprimida estoy pasando por malos ratos , pero tus videos son geniales ! "
,https://www.youtube.com/watch?v=aD47lKCRWR8&pp=ygUFQXVyb24%3D,"Tremendo p√°, por favor, sube m√°s videos de Hitman 3 "
,https://www.youtube.com/watch?v=aD47lKCRWR8&pp=ygUFQXVyb24%3D,A auron le pasa lo que a m√≠ que el ir sigiloso no es lo nuestro 
,https://www.youtube.com/watch?v=aD47lKCRWR8&pp=ygUFQXVyb24%3D,Segunda parte porfa
,https://www.youtube.com/watch?v=aD47lKCRWR8&pp=ygUFQXVyb24%3D,Que grande Auron matando a gente cada 2x3 (ayuda)
,https://www.youtube.com/watch?v=aD47lKCRWR8&pp=ygUFQXVyb24%3D,34:47  
,https://www.youtube.com/watch?v=aD47lKCRWR8&pp=ygUFQXVyb24%3D,Te amo auron
,https://www.youtube.com/watch?v=aD47lKCRWR8&pp=ygUFQXVyb24%3D,Caaaalvooooooooo!!! Que gran video xd
,https://www.youtube.com/watch?v=aD47lKCRWR8&pp=ygUFQXVyb24%3D,Por fin alguien juega hitmam
,https://www.youtube.com/watch?v=aD47lKCRWR8&pp=ygUFQXVyb24%3D, Auron viejo no te cargues a todos 
,https://www.youtube.com/watch?v=aD47lKCRWR8&pp=ygUFQXVyb24%3D,"Francamente, HITMAN es un juegazo capaz de dar horas y horas de contenido."
,https://www.youtube.com/watch?v=aD47lKCRWR8&pp=ygUFQXVyb24%3D,Jajajajajajaja la mejor parte de todo el v√≠deo 37:15
,https://www.youtube.com/watch?v=aD47lKCRWR8&pp=ygUFQXVyb24%3D,"Que bendito juego, es una leyenda."
,https://www.youtube.com/watch?v=aD47lKCRWR8&pp=ygUFQXVyb24%3D,Que crack este auron 
,https://www.youtube.com/watch?v=aD47lKCRWR8&pp=ygUFQXVyb24%3D,"Est√° bueno el Call of Duty 47, que bueno que al fin le pusieron modo 3ra persona"
,https://www.youtube.com/watch?v=aD47lKCRWR8&pp=ygUFQXVyb24%3D,30:00 jajajaja
,https://www.youtube.com/watch?v=aD47lKCRWR8&pp=ygUFQXVyb24%3D,Necesito la parte 2 del juego de las cadenas 
,https://www.youtube.com/watch?v=aD47lKCRWR8&pp=ygUFQXVyb24%3D,Que capo joki poniendo mas edici√≥n en los v√≠deos
,https://www.youtube.com/watch?v=aD47lKCRWR8&pp=ygUFQXVyb24%3D,Que buen video Auron
,https://www.youtube.com/watch?v=aD47lKCRWR8&pp=ygUFQXVyb24%3D,Auron juega the closing shift es un buen juego 
,https://www.youtube.com/watch?v=aD47lKCRWR8&pp=ygUFQXVyb24%3D,Auron vas a subir. M√°s juegos as√≠ 
,https://www.youtube.com/watch?v=aD47lKCRWR8&pp=ygUFQXVyb24%3D,"Pero que joyita!!!
Tiene un gran presente y futuro el juego! 
Me encanto y eso que eres malo mi loco!"
,https://www.youtube.com/watch?v=aD47lKCRWR8&pp=ygUFQXVyb24%3D,Porfin Jokki edita bien un video 
,https://www.youtube.com/watch?v=aD47lKCRWR8&pp=ygUFQXVyb24%3D,SEGUNDA PARTE PLISSSS
,https://www.youtube.com/watch?v=aD47lKCRWR8&pp=ygUFQXVyb24%3D,Jugando al Hitman como si fuera el CoD 
,https://www.youtube.com/watch?v=aD47lKCRWR8&pp=ygUFQXVyb24%3D,Te quiero auron play
,https://www.youtube.com/watch?v=aD47lKCRWR8&pp=ygUFQXVyb24%3D,"Yo jugu√© esto hace como 7 a√±os con un primo, es brutal este juego muy bueno."
,https://www.youtube.com/watch?v=aD47lKCRWR8&pp=ygUFQXVyb24%3D,Grande auron
,https://www.youtube.com/watch?v=aD47lKCRWR8&pp=ygUFQXVyb24%3D,vamos auron
,https://www.youtube.com/watch?v=aD47lKCRWR8&pp=ygUFQXVyb24%3D,Por fin joki edita m√°s o menos 
,https://www.youtube.com/watch?v=aD47lKCRWR8&pp=ygUFQXVyb24%3D,Segunda parte xfaaa
,https://www.youtube.com/watch?v=aD47lKCRWR8&pp=ygUFQXVyb24%3D,Ojal√° Auron lo jugara de nuevo  Hitman es un juegazo y ser√≠a super divertido verlo como se lo pasa
,https://www.youtube.com/watch?v=aD47lKCRWR8&pp=ygUFQXVyb24%3D,Aras el capitulo de supermercado hoy? Me encanta te falta ordenar el Almacen
,https://www.youtube.com/watch?v=aD47lKCRWR8&pp=ygUFQXVyb24%3D,Par coincidencia que me lo acabo de comprar y auron lo juegue  espero que m√°s YouTubers lo suban tambi√©n
,https://www.youtube.com/watch?v=aD47lKCRWR8&pp=ygUFQXVyb24%3D,Grandeee editor te amamos 
,https://www.youtube.com/watch?v=aD47lKCRWR8&pp=ygUFQXVyb24%3D,20:37 estoy tan feliz que en el juego este Mendoza una provincia muy hermosa de Argentina
,https://www.youtube.com/watch?v=aD47lKCRWR8&pp=ygUFQXVyb24%3D,Mirando el video desde argentina mendoza jajajaj
,https://www.youtube.com/watch?v=aD47lKCRWR8&pp=ygUFQXVyb24%3D,Bueno vos como dos que fueron bastante buen√≠simos
,https://www.youtube.com/watch?v=aD47lKCRWR8&pp=ygUFQXVyb24%3D,"Como me rei hasta tentarme, dios mio. Gracias por todo auron"
,https://www.youtube.com/watch?v=aD47lKCRWR8&pp=ygUFQXVyb24%3D,Dios me bendiga a joki te amamos eres esencial eres el mejor 
,https://www.youtube.com/watch?v=aD47lKCRWR8&pp=ygUFQXVyb24%3D,"Por fin un v√≠deo, viejo sabroso"
,https://www.youtube.com/watch?v=aD47lKCRWR8&pp=ygUFQXVyb24%3D,te quiero mucho auron
,https://www.youtube.com/watch?v=aD47lKCRWR8&pp=ygUFQXVyb24%3D,Terrible agente xd
,https://www.youtube.com/watch?v=aD47lKCRWR8&pp=ygUFQXVyb24%3D,"35:01 ""maten a ese carechimba"" xd"
,https://www.youtube.com/watch?v=aD47lKCRWR8&pp=ygUFQXVyb24%3D,En la misi√≥n de mcgregor as√≠ me imagino las fiestas de streamers 17:09
,https://www.youtube.com/watch?v=aD47lKCRWR8&pp=ygUFQXVyb24%3D,Auron broder el mejor
,https://www.youtube.com/watch?v=aD47lKCRWR8&pp=ygUFQXVyb24%3D,El mejor auron ü´°
,https://www.youtube.com/watch?v=aD47lKCRWR8&pp=ygUFQXVyb24%3D,Al fin jokki trabaja  jj
,https://www.youtube.com/watch?v=aD47lKCRWR8&pp=ygUFQXVyb24%3D,Que dijo el viejo sabroso Dioshhh este hombre es rico digo guapo
,https://www.youtube.com/watch?v=aD47lKCRWR8&pp=ygUFQXVyb24%3D,Se ve un juegazo omg
,https://www.youtube.com/watch?v=aD47lKCRWR8&pp=ygUFQXVyb24%3D,MENDOZA ARGENTINA Figurando EN EL JUEGO Q BIEN
,https://www.youtube.com/watch?v=aD47lKCRWR8&pp=ygUFQXVyb24%3D,37:24  seguir√° vendiendo drogas
,https://www.youtube.com/watch?v=aD47lKCRWR8&pp=ygUFQXVyb24%3D,El final fue maravilloso 
,https://www.youtube.com/watch?v=aD47lKCRWR8&pp=ygUFQXVyb24%3D,No se ha retirado vamossss
,https://www.youtube.com/watch?v=aD47lKCRWR8&pp=ygUFQXVyb24%3D,Buenas tardes 
,https://www.youtube.com/watch?v=aD47lKCRWR8&pp=ygUFQXVyb24%3D,Juegale otro d√≠a sin promo! me he enganchado ejejje
,https://www.youtube.com/watch?v=aD47lKCRWR8&pp=ygUFQXVyb24%3D,Buen edit jokki
,https://www.youtube.com/watch?v=aD47lKCRWR8&pp=ygUFQXVyb24%3D,Excelente video
,https://www.youtube.com/watch?v=aD47lKCRWR8&pp=ygUFQXVyb24%3D,Madre m√≠a ojal√° volviera Gustabo tengo unas ganas de saber qu√© aso con elmadre mia pedazo juego
,https://www.youtube.com/watch?v=aD47lKCRWR8&pp=ygUFQXVyb24%3D,En directo fue cine
,https://www.youtube.com/watch?v=aD47lKCRWR8&pp=ygUFQXVyb24%3D,Puff Jokki se puso a laburar al 100 y tiro todo su repertorio de edici√≥n 
,https://www.youtube.com/watch?v=aD47lKCRWR8&pp=ygUFQXVyb24%3D,"La Pam de mendoza aparece en una historia de la mision en el primer juego de la trilog√≠a, en Marrakech"
,https://www.youtube.com/watch?v=aD47lKCRWR8&pp=ygUFQXVyb24%3D,Estado esperando este d√≠a
,https://www.youtube.com/watch?v=aD47lKCRWR8&pp=ygUFQXVyb24%3D,Buenas auron que gran juego como le fue con el nuevo tatto
,https://www.youtube.com/watch?v=aD47lKCRWR8&pp=ygUFQXVyb24%3D,Nuevo editor o jokki por fin trabajo
,https://www.youtube.com/watch?v=aD47lKCRWR8&pp=ygUFQXVyb24%3D,Hello auron
,https://www.youtube.com/watch?v=aD47lKCRWR8&pp=ygUFQXVyb24%3D,Buaaj buen video 
,https://www.youtube.com/watch?v=aD47lKCRWR8&pp=ygUFQXVyb24%3D,Auron Volve hacer Videos Como antes Porfa Digiste que hasta El 1 De Julio Volvias a hacer Videos Como antes Porfa 
,https://www.youtube.com/watch?v=aD47lKCRWR8&pp=ygUFQXVyb24%3D,No hace una bien jajajaja qu√© risas
,https://www.youtube.com/watch?v=aD47lKCRWR8&pp=ygUFQXVyb24%3D,Que buena edici√≥n jokki
,https://www.youtube.com/watch?v=aD47lKCRWR8&pp=ygUFQXVyb24%3D,"Ojo, que no se note la publicidad. Auron es de los pocos que hace disfrutables las pautas"
,https://www.youtube.com/watch?v=aD47lKCRWR8&pp=ygUFQXVyb24%3D,hey joki se puso modo insano con la edicion
,https://www.youtube.com/watch?v=aD47lKCRWR8&pp=ygUFQXVyb24%3D,"Al fin jokki edito perfectamente este video, me gusto mucho la presentacion, al fin jokki trabajo"
,https://www.youtube.com/watch?v=aD47lKCRWR8&pp=ygUFQXVyb24%3D,Te amo
,https://www.youtube.com/watch?v=aD47lKCRWR8&pp=ygUFQXVyb24%3D,"0:06 Bueno Bueno Bueno, con la edicion chaval

¬øJokki aumento?"
,https://www.youtube.com/watch?v=aD47lKCRWR8&pp=ygUFQXVyb24%3D,Hola aur√≥n te amo
,https://www.youtube.com/watch?v=aD47lKCRWR8&pp=ygUFQXVyb24%3D,Hola Auron 
,https://www.youtube.com/watch?v=aD47lKCRWR8&pp=ygUFQXVyb24%3D,"Si esto lo hizo Joaqu√≠n, es la primera vez que lo veo trabajar en a√±os"
,https://www.youtube.com/watch?v=aD47lKCRWR8&pp=ygUFQXVyb24%3D,Viejo sabroso tkm
,https://www.youtube.com/watch?v=aD47lKCRWR8&pp=ygUFQXVyb24%3D,"23:50m,no,solamente los que respetan la cultura gaucha"
,https://www.youtube.com/watch?v=aD47lKCRWR8&pp=ygUFQXVyb24%3D,12:48 Autom√°ticamente Auron: CHIBATA
,https://www.youtube.com/watch?v=aD47lKCRWR8&pp=ygUFQXVyb24%3D,Esto lo edito jokki? Tiene buena edici√≥n 
,https://www.youtube.com/watch?v=aD47lKCRWR8&pp=ygUFQXVyb24%3D,Juegazo la verdad
,https://www.youtube.com/watch?v=aD47lKCRWR8&pp=ygUFQXVyb24%3D,"Nuevo v√≠deo de Auron, tarde feliz "
,https://www.youtube.com/watch?v=aD47lKCRWR8&pp=ygUFQXVyb24%3D,Saludos auron
,https://www.youtube.com/watch?v=aD47lKCRWR8&pp=ygUFQXVyb24%3D,"El que vea este comentario, que DIOS lo bendiga a √©l y a su familia. Am√©n "
,https://www.youtube.com/watch?v=aD47lKCRWR8&pp=ygUFQXVyb24%3D,Que grande Jokki te quiero
,https://www.youtube.com/watch?v=aD47lKCRWR8&pp=ygUFQXVyb24%3D,Parec√≠a una IA leyendo 
,https://www.youtube.com/watch?v=aD47lKCRWR8&pp=ygUFQXVyb24%3D,Espero ahora juegue splinter cell jajaja
,https://www.youtube.com/watch?v=aD47lKCRWR8&pp=ygUFQXVyb24%3D,Te quiero Auron
,https://www.youtube.com/watch?v=aD47lKCRWR8&pp=ygUFQXVyb24%3D,"Auron, ya llegastes a jugar at dead of night? Es un juego bastante bueno y de miedo, es un poco largo pero la historia es buenisima"
,https://www.youtube.com/watch?v=aD47lKCRWR8&pp=ygUFQXVyb24%3D,buen video auron.
,https://www.youtube.com/watch?v=aD47lKCRWR8&pp=ygUFQXVyb24%3D,Jokiii haz algo co√±o!!!! Exigimos los videos m√°s largos de por lo menos 2 horas y media como
,https://www.youtube.com/watch?v=aD47lKCRWR8&pp=ygUFQXVyb24%3D,Esta muy bueno el juego que lo vuelva a jugar
,https://www.youtube.com/watch?v=aD47lKCRWR8&pp=ygUFQXVyb24%3D,Nah de lokos el viejo sabroso
,https://www.youtube.com/watch?v=aD47lKCRWR8&pp=ygUFQXVyb24%3D,36:33 ahh co√±0si soy yo jajajajajajaja
,https://www.youtube.com/watch?v=aD47lKCRWR8&pp=ygUFQXVyb24%3D,"Y ese pogo al final descargando cargador 
Y el gustoni de la primera mision como agente de seguridad "
,https://www.youtube.com/watch?v=aD47lKCRWR8&pp=ygUFQXVyb24%3D,Auron puedes jugar clothing store simulator
,https://www.youtube.com/watch?v=aD47lKCRWR8&pp=ygUFQXVyb24%3D,Auron por favor ya sube la quinta parte del supermercado a todos nos gusta por favor
,https://www.youtube.com/watch?v=aD47lKCRWR8&pp=ygUFQXVyb24%3D,"sugiero que juegues m√°s juegos de decisiones como the quarry, etc"
,https://www.youtube.com/watch?v=aD47lKCRWR8&pp=ygUFQXVyb24%3D,"me encanto cuando en la parte de colombia dice dizque ""maten a ese carechimba"" XDD"
,https://www.youtube.com/watch?v=aD47lKCRWR8&pp=ygUFQXVyb24%3D,Saludos de Argentina_Mendoza
,https://www.youtube.com/watch?v=aD47lKCRWR8&pp=ygUFQXVyb24%3D,JOKKIIIII SUBE LOS VIDEOS DE S√öPER MARKET SIMULATOR
,https://www.youtube.com/watch?v=aD47lKCRWR8&pp=ygUFQXVyb24%3D,"Si lo haces, Me partes el Corazon"
,https://www.youtube.com/watch?v=aD47lKCRWR8&pp=ygUFQXVyb24%3D,Desde cu√°ndo jokii sabe editar tanto ????? Felicidades jokki 
,https://www.youtube.com/watch?v=aD47lKCRWR8&pp=ygUFQXVyb24%3D,Ya es dos de julio y auron todav√≠a hace directos en twis
,https://www.youtube.com/watch?v=aD47lKCRWR8&pp=ygUFQXVyb24%3D,Siuuuuuuuuuu aurooooon nuevo videoooo de no se pero bueno sigo con las esperanzas de que me leas
,https://www.youtube.com/watch?v=aD47lKCRWR8&pp=ygUFQXVyb24%3D,Gracias auron por hacer a colombia un lugar mejor 
,https://www.youtube.com/watch?v=aD47lKCRWR8&pp=ygUFQXVyb24%3D,Por fin el auron de antes
,https://www.youtube.com/watch?v=aD47lKCRWR8&pp=ygUFQXVyb24%3D,Te quiero Raul 
,https://www.youtube.com/watch?v=aD47lKCRWR8&pp=ygUFQXVyb24%3D,Es muy bueno este juego
,https://www.youtube.com/watch?v=aD47lKCRWR8&pp=ygUFQXVyb24%3D,Auron el mejor 
,https://www.youtube.com/watch?v=aD47lKCRWR8&pp=ygUFQXVyb24%3D,Esta para Android?????
,https://www.youtube.com/watch?v=aD47lKCRWR8&pp=ygUFQXVyb24%3D,Imposible :0 Joaqu√≠n editando un v√≠deo :v
,https://www.youtube.com/watch?v=aD47lKCRWR8&pp=ygUFQXVyb24%3D,Por cada me gusta har√© una abdominal.‚ÄçÔ∏è
,https://www.youtube.com/watch?v=aD47lKCRWR8&pp=ygUFQXVyb24%3D,Y el capitulo del supermercado 
,https://www.youtube.com/watch?v=aD47lKCRWR8&pp=ygUFQXVyb24%3D,Humilde el viejo sabroso jugando el dlc de Jhon Wick.
,https://www.youtube.com/watch?v=aD47lKCRWR8&pp=ygUFQXVyb24%3D,Hola auron que chido de juego
,https://www.youtube.com/watch?v=aD47lKCRWR8&pp=ygUFQXVyb24%3D,esto esta muy bien editado ya echaron a jokki
,https://www.youtube.com/watch?v=aD47lKCRWR8&pp=ygUFQXVyb24%3D,Videazo
,https://www.youtube.com/watch?v=aD47lKCRWR8&pp=ygUFQXVyb24%3D,Que grande el editor
,https://www.youtube.com/watch?v=aD47lKCRWR8&pp=ygUFQXVyb24%3D,14:51 Iba a decir ‚Äúyo me veo preparado para enfrentarme a McGregor‚Äù y recapacito 
,https://www.youtube.com/watch?v=aD47lKCRWR8&pp=ygUFQXVyb24%3D,34:40 xddd
,https://www.youtube.com/watch?v=aD47lKCRWR8&pp=ygUFQXVyb24%3D,Me acord√© del agente 87 jajajaja
,https://www.youtube.com/watch?v=aD47lKCRWR8&pp=ygUFQXVyb24%3D,Buen video 
,https://www.youtube.com/watch?v=aD47lKCRWR8&pp=ygUFQXVyb24%3D,"npc: emite un sonido
Auron: disparo a la cabeza"
,https://www.youtube.com/watch?v=aD47lKCRWR8&pp=ygUFQXVyb24%3D,No hab√≠a jugando antes una misi√≥n de este juego de Ferrari ?
,https://www.youtube.com/watch?v=aD47lKCRWR8&pp=ygUFQXVyb24%3D,JAJAJAJA NO PUEDO CREER QUE SE PAS√ì LA MISI√ìN DE COLOMBIA AS√ç XDD
,https://www.youtube.com/watch?v=aD47lKCRWR8&pp=ygUFQXVyb24%3D,Wow joki en esta promo se esta luciendo esta trabajando delocura en este video jajaja
,https://www.youtube.com/watch?v=aD47lKCRWR8&pp=ygUFQXVyb24%3D,La leyenda del gaming
,https://www.youtube.com/watch?v=aD47lKCRWR8&pp=ygUFQXVyb24%3D,Buen√≠sima
,https://www.youtube.com/watch?v=aD47lKCRWR8&pp=ygUFQXVyb24%3D,LIKE PARA QUE AURON HAGA LA SERIE COMPLETA
,https://www.youtube.com/watch?v=aD47lKCRWR8&pp=ygUFQXVyb24%3D,Todo bien todo correcto Y yo que me alegro 
,https://www.youtube.com/watch?v=aD47lKCRWR8&pp=ygUFQXVyb24%3D,"Ey queremos el tendero, el de super mercado mueve"
,https://www.youtube.com/watch?v=aD47lKCRWR8&pp=ygUFQXVyb24%3D,Te amo auron
,https://www.youtube.com/watch?v=aD47lKCRWR8&pp=ygUFQXVyb24%3D,Grande auron
,https://www.youtube.com/watch?v=aD47lKCRWR8&pp=ygUFQXVyb24%3D,Te amo auron
,https://www.youtube.com/watch?v=aD47lKCRWR8&pp=ygUFQXVyb24%3D,Te amo auron
,https://www.youtube.com/watch?v=aD47lKCRWR8&pp=ygUFQXVyb24%3D,Te amo auron
,https://www.youtube.com/watch?v=aD47lKCRWR8&pp=ygUFQXVyb24%3D,Te amo auron
,https://www.youtube.com/watch?v=aD47lKCRWR8&pp=ygUFQXVyb24%3D,El rey a vuelto
,https://www.youtube.com/watch?v=aD47lKCRWR8&pp=ygUFQXVyb24%3D,Vuele a YouTube 
,https://www.youtube.com/watch?v=aD47lKCRWR8&pp=ygUFQXVyb24%3D,"Incre√≠ble, vine a ver como Auron asesinaba a McGregor y termin√© vi√©ndolo jugar el modo historia del Hitman jajaja "
,https://www.youtube.com/watch?v=aD47lKCRWR8&pp=ygUFQXVyb24%3D,Mas videos de estos
,https://www.youtube.com/watch?v=aD47lKCRWR8&pp=ygUFQXVyb24%3D,Por fin un video y juego sin el bocon creido violento de imantado.al fin auron vuelve a recuperar sus raices y ser la leyenda que alguna ves fue!!..se agradece mucho!!.
,https://www.youtube.com/watch?v=aD47lKCRWR8&pp=ygUFQXVyb24%3D,Buen v√≠deo y a√∫n ni lo Veo xd
,https://www.youtube.com/watch?v=aD47lKCRWR8&pp=ygUFQXVyb24%3D,Y el juego del supermercado??!! calvoooooooo
,https://www.youtube.com/watch?v=aD47lKCRWR8&pp=ygUFQXVyb24%3D,Que juegue the walking dead todas las temporadas juegazoooo
,https://www.youtube.com/watch?v=aD47lKCRWR8&pp=ygUFQXVyb24%3D,Est√° Elden Ring y luego est√° AuronPlay destruyendo un cartel entero. Cositas...
,https://www.youtube.com/watch?v=aD47lKCRWR8&pp=ygUFQXVyb24%3D,"Juego de sigilo dise√±ado para jugar estrat√©gicamente
Auron: ""Cada uno juega como quiere"" matando a todos a sangre fria"
,https://www.youtube.com/watch?v=aD47lKCRWR8&pp=ygUFQXVyb24%3D,"15:19
Empieza lo de Conor, de nada.
(Spoiler, no lo logra es mal√≠simo)"
,https://www.youtube.com/watch?v=aD47lKCRWR8&pp=ygUFQXVyb24%3D,Cuando  salga  el  online 
,https://www.youtube.com/watch?v=aD47lKCRWR8&pp=ygUFQXVyb24%3D,"Pero poco se habla que jokki edito bien el video, al fin trabaja"
,https://www.youtube.com/watch?v=aD47lKCRWR8&pp=ygUFQXVyb24%3D,Jokiiiiii el irl
,https://www.youtube.com/watch?v=aD47lKCRWR8&pp=ygUFQXVyb24%3D,PrimeroooooMamones jjajajajajja
,https://www.youtube.com/watch?v=aD47lKCRWR8&pp=ygUFQXVyb24%3D,Que buen shooter 
,https://www.youtube.com/watch?v=aD47lKCRWR8&pp=ygUFQXVyb24%3D,Auron el indestructible. Parte 1
,https://www.youtube.com/watch?v=aD47lKCRWR8&pp=ygUFQXVyb24%3D,Aguante auron
,https://www.youtube.com/watch?v=aD47lKCRWR8&pp=ygUFQXVyb24%3D,"Auron? Es tu ultimo directo de twich??? Es k oy k lo dejabas el 1 de Julio y oy es 3
Te quiero eyes el puto amo"
,https://www.youtube.com/watch?v=aD47lKCRWR8&pp=ygUFQXVyb24%3D,En hitman el tipo puede ser blanco pero es arco√≠ris cuando se disfraza y si al que ataco era negro y con afro de un segundo a otro ya es blanco y calvo
,https://www.youtube.com/watch?v=aD47lKCRWR8&pp=ygUFQXVyb24%3D,29:05
,https://www.youtube.com/watch?v=aD47lKCRWR8&pp=ygUFQXVyb24%3D,"La Virgen Santa, pero si yo vi a Germ√°n Garmendia jugar este juego hace unos cinco a√±os... Auron, siempre a la √∫ltima moda y todo tendencias."
,https://www.youtube.com/watch?v=aD47lKCRWR8&pp=ygUFQXVyb24%3D,Joki trabajando 
,https://www.youtube.com/watch?v=aD47lKCRWR8&pp=ygUFQXVyb24%3D,"juegazo,solo falta aprenderlo a jugar"
,https://www.youtube.com/watch?v=aD47lKCRWR8&pp=ygUFQXVyb24%3D,"cine, espectacular, cine"
,https://www.youtube.com/watch?v=aD47lKCRWR8&pp=ygUFQXVyb24%3D,Espero que auron siga el juego y se vuelva un... Aquien quiero enga√±ar esto lo juega una vez y nunca mas lo vuelve a tocar xD
,https://www.youtube.com/watch?v=aD47lKCRWR8&pp=ygUFQXVyb24%3D,"37:37
Auron: he matado a 3 capos del cartel en 21 min, esto ni tu presidente lo hace
JAJAJAJAJAJA"
,https://www.youtube.com/watch?v=aD47lKCRWR8&pp=ygUFQXVyb24%3D,JAJAJAJAJAJAJAJAJAJAJA  AURON MATANDO A MC GREGOR DELANTE DE TODOS
,https://www.youtube.com/watch?v=aD47lKCRWR8&pp=ygUFQXVyb24%3D,"Joder de cantidad/calidad de transiciones y animaciones, NO ME JODAS ECHARON A JOKKI !?"
,https://www.youtube.com/watch?v=aD47lKCRWR8&pp=ygUFQXVyb24%3D,Hubiera sido √©pica la miniatura con Auron calvo
,https://www.youtube.com/watch?v=aD47lKCRWR8&pp=ygUFQXVyb24%3D,Los que siempre estamos en directos y videos de YouTube dejen su like con todo el ano y el coraz√≥n coo√±o venga ya dejen su like
,https://www.youtube.com/watch?v=aD47lKCRWR8&pp=ygUFQXVyb24%3D,No hab√≠a dejado los streams ?
,https://www.youtube.com/watch?v=aD47lKCRWR8&pp=ygUFQXVyb24%3D,Buen video
,https://www.youtube.com/watch?v=aD47lKCRWR8&pp=ygUFQXVyb24%3D,Grande viejo sabroso 
,https://www.youtube.com/watch?v=aD47lKCRWR8&pp=ygUFQXVyb24%3D,"""El Discreto"" le llaman.~
Pero si es que ha convertido ¬´Hitman¬ª en ¬´Call of Duty¬ª en menos de dos minutos. "
,https://www.youtube.com/watch?v=aD47lKCRWR8&pp=ygUFQXVyb24%3D,Jooooooki.... En serio 38 min..... Tuptm 
,https://www.youtube.com/watch?v=aD47lKCRWR8&pp=ygUFQXVyb24%3D,No le sabes papirrin jajaja
,https://www.youtube.com/watch?v=aD47lKCRWR8&pp=ygUFQXVyb24%3D,maldito juegazooooooooo
,https://www.youtube.com/watch?v=aD47lKCRWR8&pp=ygUFQXVyb24%3D,Full sigilo 
,https://www.youtube.com/watch?v=aD47lKCRWR8&pp=ygUFQXVyb24%3D,Nueva  forma de jugar  hitman  si se l√≠a podes  cargarte todo el mapa
,https://www.youtube.com/watch?v=aD47lKCRWR8&pp=ygUFQXVyb24%3D,Habla espa√±ol! Me record√≥ a la dra Polo con la ni√±a colombiana jajaj
,https://www.youtube.com/watch?v=aD47lKCRWR8&pp=ygUFQXVyb24%3D,Jajajajajaja apenas entro mato a la vieja se ahorro todo el papelon
,https://www.youtube.com/watch?v=aD47lKCRWR8&pp=ygUFQXVyb24%3D,Hola
,https://www.youtube.com/watch?v=aD47lKCRWR8&pp=ygUFQXVyb24%3D,hola alguien que este al d√≠a me puede decir si auron segura haciendo directos en twitch ??
,https://www.youtube.com/watch?v=aD47lKCRWR8&pp=ygUFQXVyb24%3D,jokki aprendio a editar :0
,https://www.youtube.com/watch?v=aD47lKCRWR8&pp=ygUFQXVyb24%3D,Aurum puede seguir grabando el cajero
,https://www.youtube.com/watch?v=aD47lKCRWR8&pp=ygUFQXVyb24%3D,Auron guapo
,https://www.youtube.com/watch?v=aD47lKCRWR8&pp=ygUFQXVyb24%3D,Juegazo
,https://www.youtube.com/watch?v=aD47lKCRWR8&pp=ygUFQXVyb24%3D,"Co√±o ! , el editor hoy se levant√≥ con ganas de chambear, en efecto , esta edici√≥n es cine "
,https://www.youtube.com/watch?v=aD47lKCRWR8&pp=ygUFQXVyb24%3D,Grande rey 
,https://www.youtube.com/watch?v=aD47lKCRWR8&pp=ygUFQXVyb24%3D,Hola
,https://www.youtube.com/watch?v=aD47lKCRWR8&pp=ygUFQXVyb24%3D,Sal√∫dame guapo
,https://www.youtube.com/watch?v=aD47lKCRWR8&pp=ygUFQXVyb24%3D,No gameplay del supermercado? :c
,https://www.youtube.com/watch?v=aD47lKCRWR8&pp=ygUFQXVyb24%3D,Pero dej√≥ ya los streams? 
,https://www.youtube.com/watch?v=aD47lKCRWR8&pp=ygUFQXVyb24%3D,"Jajajaja eres bueno para ser malo, por eso disfruto tanto de mi Auron de toda la vida. Un se√±or ya"
,https://www.youtube.com/watch?v=aD47lKCRWR8&pp=ygUFQXVyb24%3D,Ke juegazooooooooooo
,https://www.youtube.com/watch?v=aD47lKCRWR8&pp=ygUFQXVyb24%3D,Hola üá®üá∑
,https://www.youtube.com/watch?v=aD47lKCRWR8&pp=ygUFQXVyb24%3D,Madre mia empezamos bie. 
,https://www.youtube.com/watch?v=aD47lKCRWR8&pp=ygUFQXVyb24%3D,"Nuevo vicio, escuchar a auron a 0.75"
,https://www.youtube.com/watch?v=aD47lKCRWR8&pp=ygUFQXVyb24%3D,Es un juego de sigilo no el Call Of Duty xD
,https://www.youtube.com/watch?v=aD47lKCRWR8&pp=ygUFQXVyb24%3D,Auron el 1 de julio dejaba twich
,https://www.youtube.com/watch?v=aD47lKCRWR8&pp=ygUFQXVyb24%3D,juegaso
,https://www.youtube.com/watch?v=aD47lKCRWR8&pp=ygUFQXVyb24%3D,Es tan sigiloso que ni cuenta me di que mato a medio mapa
,https://www.youtube.com/watch?v=aD47lKCRWR8&pp=ygUFQXVyb24%3D,"lo de ser narcotraficantes nunca nos ha gustado ser se√±alados :c
(que si que si que la historia lo dice bla bla bla, pero no todos estamos en eso y no es un orgullo)
sin embargo wuen video, gracias viejo sabroso por hacerme reir todos los d√≠as"
,https://www.youtube.com/watch?v=aD47lKCRWR8&pp=ygUFQXVyb24%3D,Wow (no s√© qu√© poner)
,https://www.youtube.com/watch?v=aD47lKCRWR8&pp=ygUFQXVyb24%3D,Se marco una cadena de bajas de 8 jajaa
,https://www.youtube.com/watch?v=aD47lKCRWR8&pp=ygUFQXVyb24%3D,Se est√° volviendo salvajee
,https://www.youtube.com/watch?v=aD47lKCRWR8&pp=ygUFQXVyb24%3D,"D√©jate de promos, hay un supermercado que gestionar !!"
,https://www.youtube.com/watch?v=aD47lKCRWR8&pp=ygUFQXVyb24%3D,Disculpen mi ignorancia pero cual de los juegos de Hitman es?
,https://www.youtube.com/watch?v=aD47lKCRWR8&pp=ygUFQXVyb24%3D,"Podemos ver aqu√≠ la historia de Gustabo 
O de Conway de joven"
,https://www.youtube.com/watch?v=aD47lKCRWR8&pp=ygUFQXVyb24%3D,Consulta gente jokki sigue siendo el editor de Auron es que est√° bien editado 
,https://www.youtube.com/watch?v=aD47lKCRWR8&pp=ygUFQXVyb24%3D,Q edici√≥n de Hitman es?
,https://www.youtube.com/watch?v=aD47lKCRWR8&pp=ygUFQXVyb24%3D,14:48  Y McGre0000r? 
,https://www.youtube.com/watch?v=aD47lKCRWR8&pp=ygUFQXVyb24%3D,Juega al juego de la morgue co√±o q estaba s√∫per entretenido
,https://www.youtube.com/watch?v=aD47lKCRWR8&pp=ygUFQXVyb24%3D,Juega al juego de la morgue co√±o q estaba s√∫per entretenido
,https://www.youtube.com/watch?v=aD47lKCRWR8&pp=ygUFQXVyb24%3D,Por cada me gusta me hag un tatuaje y lo subo a youtube!!
,https://www.youtube.com/watch?v=aD47lKCRWR8&pp=ygUFQXVyb24%3D,Creo que te iria mejor con los clasicos de snipper elite
,https://www.youtube.com/watch?v=aD47lKCRWR8&pp=ygUFQXVyb24%3D,Pregunta real: esta disponible para movil ?
,https://www.youtube.com/watch?v=aD47lKCRWR8&pp=ygUFQXVyb24%3D,Jokki pa cuando el irl
,https://www.youtube.com/watch?v=aD47lKCRWR8&pp=ygUFQXVyb24%3D,"""Puntuaci√≥n 0, nuevo r√©cord personal"""
,https://www.youtube.com/watch?v=aD47lKCRWR8&pp=ygUFQXVyb24%3D,Ha llegado un punto en el que ver a jokki trabajar me da hasta miedo. Nadie m√°s se ha sentido violentado?
,https://www.youtube.com/watch?v=aD47lKCRWR8&pp=ygUFQXVyb24%3D,El mejor 
,https://www.youtube.com/watch?v=aD47lKCRWR8&pp=ygUFQXVyb24%3D,"Dios mio, pense que era la primera en ver este video como puede haber m√°s comentarios que vistas"
,https://www.youtube.com/watch?v=aD47lKCRWR8&pp=ygUFQXVyb24%3D,"Wtf jokki editando un video, seguramente hoy se anunciara la declaracion de la 3 guerra mundial, te queremos joki "
,https://www.youtube.com/watch?v=aD47lKCRWR8&pp=ygUFQXVyb24%3D,Holaa
,https://www.youtube.com/watch?v=aD47lKCRWR8&pp=ygUFQXVyb24%3D,no te retirabas el 1 de julio?
,https://www.youtube.com/watch?v=aD47lKCRWR8&pp=ygUFQXVyb24%3D,calvoooooooooo
,https://www.youtube.com/watch?v=aD47lKCRWR8&pp=ygUFQXVyb24%3D,Jokki eres tu: ‚ÄçÔ∏è
,https://www.youtube.com/watch?v=aD47lKCRWR8&pp=ygUFQXVyb24%3D,"Pregunta , cu√°l Hitman es este?"
,https://www.youtube.com/watch?v=aD47lKCRWR8&pp=ygUFQXVyb24%3D,Tremenda punter√≠a la del viejo
,https://www.youtube.com/watch?v=aD47lKCRWR8&pp=ygUFQXVyb24%3D,Te amo
,https://www.youtube.com/watch?v=aD47lKCRWR8&pp=ygUFQXVyb24%3D,Juega pow.exe
,https://www.youtube.com/watch?v=aD47lKCRWR8&pp=ygUFQXVyb24%3D,Hola auron
,https://www.youtube.com/watch?v=aD47lKCRWR8&pp=ygUFQXVyb24%3D,Calvoo!!
,https://www.youtube.com/watch?v=aD47lKCRWR8&pp=ygUFQXVyb24%3D,Este trabajo lo hizo jokki? 
,https://www.youtube.com/watch?v=aD47lKCRWR8&pp=ygUFQXVyb24%3D,Otrooooooooo Otrooooo video
,https://www.youtube.com/watch?v=aD47lKCRWR8&pp=ygUFQXVyb24%3D,Donde se puede ver a auron live ?!
,https://www.youtube.com/watch?v=aD47lKCRWR8&pp=ygUFQXVyb24%3D,
,https://www.youtube.com/watch?v=aD47lKCRWR8&pp=ygUFQXVyb24%3D,"Hasta que al fin trabajo jokki y hubo m√°s edici√≥n, que dos simples  zooms jajajja"
,https://www.youtube.com/watch?v=aD47lKCRWR8&pp=ygUFQXVyb24%3D,Nose si solo soy yo o en el canal de Milo sube m√°s r√°pido q jokki y ya  me lo mire todojajss
,https://www.youtube.com/watch?v=aD47lKCRWR8&pp=ygUFQXVyb24%3D,"Est√© juego se tratar de silencioso
Auron mato al todos"
,https://www.youtube.com/watch?v=aD47lKCRWR8&pp=ygUFQXVyb24%3D,Como se llama el juego?
,https://www.youtube.com/watch?v=aD47lKCRWR8&pp=ygUFQXVyb24%3D,Todo bien? Todo correctoü•π
,https://www.youtube.com/watch?v=aD47lKCRWR8&pp=ygUFQXVyb24%3D,"Una de dos, es jokki trabajando o es otro editor"
,https://www.youtube.com/watch?v=aD47lKCRWR8&pp=ygUFQXVyb24%3D,Esta edici√≥n es de jokky?
,https://www.youtube.com/watch?v=aD47lKCRWR8&pp=ygUFQXVyb24%3D,Hola buenas tardes 
,https://www.youtube.com/watch?v=aD47lKCRWR8&pp=ygUFQXVyb24%3D,Quien edito!!!!!
,https://www.youtube.com/watch?v=aD47lKCRWR8&pp=ygUFQXVyb24%3D,YA 1K LIKES
,https://www.youtube.com/watch?v=aD47lKCRWR8&pp=ygUFQXVyb24%3D,Juegazoo
,https://www.youtube.com/watch?v=aD47lKCRWR8&pp=ygUFQXVyb24%3D,Ya me imagino demasiados que vas a eliminar
,https://www.youtube.com/watch?v=aD47lKCRWR8&pp=ygUFQXVyb24%3D,Est√° para android? 
,https://www.youtube.com/watch?v=aD47lKCRWR8&pp=ygUFQXVyb24%3D,Es de casab√≥ el tattoo?
,https://www.youtube.com/watch?v=aD47lKCRWR8&pp=ygUFQXVyb24%3D,Todos esperamdo video del supermercado
,https://www.youtube.com/watch?v=aD47lKCRWR8&pp=ygUFQXVyb24%3D,yo en la vida soy este: 36:32
,https://www.youtube.com/watch?v=aD47lKCRWR8&pp=ygUFQXVyb24%3D,chido video xd
,https://www.youtube.com/watch?v=aD47lKCRWR8&pp=ygUFQXVyb24%3D,Donde consigo el juego?
,https://www.youtube.com/watch?v=aD47lKCRWR8&pp=ygUFQXVyb24%3D,cual es ese juego ?
,https://www.youtube.com/watch?v=aD47lKCRWR8&pp=ygUFQXVyb24%3D,MATABA AL JARDINERO AJJAJAJA
,https://www.youtube.com/watch?v=aD47lKCRWR8&pp=ygUFQXVyb24%3D,Abuelo como esta
,https://www.youtube.com/watch?v=aD47lKCRWR8&pp=ygUFQXVyb24%3D,Q juego es
,https://www.youtube.com/watch?v=aD47lKCRWR8&pp=ygUFQXVyb24%3D,"escenarios, nivel Unreal.

caras.... hum.... Los Sims 2."
,https://www.youtube.com/watch?v=aD47lKCRWR8&pp=ygUFQXVyb24%3D,Auron juega como muchos lo armamos como rambo
,https://www.youtube.com/watch?v=aD47lKCRWR8&pp=ygUFQXVyb24%3D,por fin joki trabaja
,https://www.youtube.com/watch?v=aD47lKCRWR8&pp=ygUFQXVyb24%3D,Cual hitman es ??
,https://www.youtube.com/watch?v=aD47lKCRWR8&pp=ygUFQXVyb24%3D,"yo a esto le he hechado muchas horas me se todos lo mapas de memoria,"
,https://www.youtube.com/watch?v=aD47lKCRWR8&pp=ygUFQXVyb24%3D,"Yo pas√°ndome el juego en profesional sin que nadie me vea
Auron:ajja a jajjaja grande raul"
,https://www.youtube.com/watch?v=aD47lKCRWR8&pp=ygUFQXVyb24%3D,No se si estoy viendo a Auron jugar Hitman o a PUBG 
,https://www.youtube.com/watch?v=aD47lKCRWR8&pp=ygUFQXVyb24%3D,Donde metiste a joki
,https://www.youtube.com/watch?v=aD47lKCRWR8&pp=ygUFQXVyb24%3D,Auron que call of duty estas jugando?
,https://www.youtube.com/watch?v=aD47lKCRWR8&pp=ygUFQXVyb24%3D,holaaa
,https://www.youtube.com/watch?v=aD47lKCRWR8&pp=ygUFQXVyb24%3D,Abre la tienda yaa
,https://www.youtube.com/watch?v=aD47lKCRWR8&pp=ygUFQXVyb24%3D,Videaso
,https://www.youtube.com/watch?v=aD47lKCRWR8&pp=ygUFQXVyb24%3D,que juego es?
,https://www.youtube.com/watch?v=aD47lKCRWR8&pp=ygUFQXVyb24%3D,Calvooooooo
,https://www.youtube.com/watch?v=aD47lKCRWR8&pp=ygUFQXVyb24%3D,Temprano y las 
,https://www.youtube.com/watch?v=aD47lKCRWR8&pp=ygUFQXVyb24%3D,¬øqu√© edici√≥n  de hitman es esta?
,https://www.youtube.com/watch?v=aD47lKCRWR8&pp=ygUFQXVyb24%3D,Como se llama este juego???
,https://www.youtube.com/watch?v=aD47lKCRWR8&pp=ygUFQXVyb24%3D,
,https://www.youtube.com/watch?v=aD47lKCRWR8&pp=ygUFQXVyb24%3D,LA SAGA HITMAN es de mis favoritas...y Auron es un jugador MUY POCO cauteloso .
,https://www.youtube.com/watch?v=aD47lKCRWR8&pp=ygUFQXVyb24%3D,Cual hitman es?
,https://www.youtube.com/watch?v=aD47lKCRWR8&pp=ygUFQXVyb24%3D,Esta para android? Pregunta ser√≠a
,https://www.youtube.com/watch?v=aD47lKCRWR8&pp=ygUFQXVyb24%3D,grande joki
,https://www.youtube.com/watch?v=aD47lKCRWR8&pp=ygUFQXVyb24%3D,Recuerdos de ver a Vegetta jugar al hitmanü´°
,https://www.youtube.com/watch?v=aD47lKCRWR8&pp=ygUFQXVyb24%3D,Ese es mi aurelio 
,https://www.youtube.com/watch?v=aD47lKCRWR8&pp=ygUFQXVyb24%3D,"La profe: Por favor no lean las diapositivas.
Mi compa: 0:01"
,https://www.youtube.com/watch?v=aD47lKCRWR8&pp=ygUFQXVyb24%3D,Holaaaaa 
,https://www.youtube.com/watch?v=aD47lKCRWR8&pp=ygUFQXVyb24%3D,Este supermercado se puso como muy extra√±o me parece.
,https://www.youtube.com/watch?v=aD47lKCRWR8&pp=ygUFQXVyb24%3D,cual hitman es como se llama
,https://www.youtube.com/watch?v=aD47lKCRWR8&pp=ygUFQXVyb24%3D,
,https://www.youtube.com/watch?v=aD47lKCRWR8&pp=ygUFQXVyb24%3D,Que paso con joki?
,https://www.youtube.com/watch?v=aD47lKCRWR8&pp=ygUFQXVyb24%3D,8.30am
,https://www.youtube.com/watch?v=aD47lKCRWR8&pp=ygUFQXVyb24%3D,"Argentina, MENDOZAüá¶üá∑üá¶üá∑üá¶üá∑üá¶üá∑üá¶üá∑OIIIIIOD MORTAAAAALEEEES"
,https://www.youtube.com/watch?v=aD47lKCRWR8&pp=ygUFQXVyb24%3D,Hola aUreLi0
,https://www.youtube.com/watch?v=aD47lKCRWR8&pp=ygUFQXVyb24%3D,"Auron, no volviste el 1 de julio"
,https://www.youtube.com/watch?v=aD47lKCRWR8&pp=ygUFQXVyb24%3D,Waos
,https://www.youtube.com/watch?v=aD47lKCRWR8&pp=ygUFQXVyb24%3D,Apuesto q no sabe  q existe hasta la pel√≠cula 
,https://www.youtube.com/watch?v=aD47lKCRWR8&pp=ygUFQXVyb24%3D,Vamos
,https://www.youtube.com/watch?v=aD47lKCRWR8&pp=ygUFQXVyb24%3D,MG Si sos de Mendoza Argentina 
,https://www.youtube.com/watch?v=aD47lKCRWR8&pp=ygUFQXVyb24%3D,Buenassss auron como estassss rey 
,https://www.youtube.com/watch?v=aD47lKCRWR8&pp=ygUFQXVyb24%3D,Parece promoci√≥n 
,https://www.youtube.com/watch?v=aD47lKCRWR8&pp=ygUFQXVyb24%3D,
,https://www.youtube.com/watch?v=aD47lKCRWR8&pp=ygUFQXVyb24%3D,Gogi ya no le edita los videos a Auton?
,https://www.youtube.com/watch?v=aD47lKCRWR8&pp=ygUFQXVyb24%3D,Colombia? Drogas? Modo Gustavo on
,https://www.youtube.com/watch?v=aD47lKCRWR8&pp=ygUFQXVyb24%3D,CUARTOOO
,https://www.youtube.com/watch?v=aD47lKCRWR8&pp=ygUFQXVyb24%3D,Ningun jelou ni ningun aster mun AQUI SE HABLA ESPA√ëOL!
,https://www.youtube.com/watch?v=aD47lKCRWR8&pp=ygUFQXVyb24%3D,Holaaa
,https://www.youtube.com/watch?v=aD47lKCRWR8&pp=ygUFQXVyb24%3D,Hola buenas tardes
,https://www.youtube.com/watch?v=aD47lKCRWR8&pp=ygUFQXVyb24%3D,creo que es la peor promoci√≥n posible que se le pod√≠a hacer a este juegazo JSJSJ
,https://www.youtube.com/watch?v=aD47lKCRWR8&pp=ygUFQXVyb24%3D,Air√≥n play
,https://www.youtube.com/watch?v=aD47lKCRWR8&pp=ygUFQXVyb24%3D,Ay la terracota
,https://www.youtube.com/watch?v=aD47lKCRWR8&pp=ygUFQXVyb24%3D,Me encanta como mataba a alguien o hacia algo raro en toda la cara  de un npc 
,https://www.youtube.com/watch?v=aD47lKCRWR8&pp=ygUFQXVyb24%3D, nombre del juego
,https://www.youtube.com/watch?v=aD47lKCRWR8&pp=ygUFQXVyb24%3D,Jokki editando bien???
,https://www.youtube.com/watch?v=aD47lKCRWR8&pp=ygUFQXVyb24%3D,Holaaa
,https://www.youtube.com/watch?v=aD47lKCRWR8&pp=ygUFQXVyb24%3D,Que es cronor magregor?
,https://www.youtube.com/watch?v=aD47lKCRWR8&pp=ygUFQXVyb24%3D,muy corto el video jokki
,https://www.youtube.com/watch?v=aD47lKCRWR8&pp=ygUFQXVyb24%3D,Se nota q aqu√≠ no trabajo Jokki... hay mucha edici√≥n 
,https://www.youtube.com/watch?v=aD47lKCRWR8&pp=ygUFQXVyb24%3D,Siempre llegando temprano
,https://www.youtube.com/watch?v=aD47lKCRWR8&pp=ygUFQXVyb24%3D,Hello
,https://www.youtube.com/watch?v=aD47lKCRWR8&pp=ygUFQXVyb24%3D,Que Hitman es?
,https://www.youtube.com/watch?v=aD47lKCRWR8&pp=ygUFQXVyb24%3D,nuevo editor o que?
,https://www.youtube.com/watch?v=aD47lKCRWR8&pp=ygUFQXVyb24%3D,No ha jugado esto antes √≥sea el de Colombia ya lo jug√≥ o no ?
,https://www.youtube.com/watch?v=aD47lKCRWR8&pp=ygUFQXVyb24%3D,Cuando salee:(
,https://www.youtube.com/watch?v=aD47lKCRWR8&pp=ygUFQXVyb24%3D,Holaa
,https://www.youtube.com/watch?v=aD47lKCRWR8&pp=ygUFQXVyb24%3D,
,https://www.youtube.com/watch?v=aD47lKCRWR8&pp=ygUFQXVyb24%3D,por fin lo hicieron chambear a Joki
,https://www.youtube.com/watch?v=aD47lKCRWR8&pp=ygUFQXVyb24%3D,Juegasoooooooo
,https://www.youtube.com/watch?v=aD47lKCRWR8&pp=ygUFQXVyb24%3D,"Auron no te diste cuenta, pero la cara del personaje de Hitman es la versi√≥n calva de Cristiano Ronaldo"
,https://www.youtube.com/watch?v=aD47lKCRWR8&pp=ygUFQXVyb24%3D,Hoy es 2 de julio de 2024
,https://www.youtube.com/watch?v=aD47lKCRWR8&pp=ygUFQXVyb24%3D,despidiendo a joki XD
,https://www.youtube.com/watch?v=aD47lKCRWR8&pp=ygUFQXVyb24%3D,Hola
,https://www.youtube.com/watch?v=aD47lKCRWR8&pp=ygUFQXVyb24%3D,Hola
,https://www.youtube.com/watch?v=aD47lKCRWR8&pp=ygUFQXVyb24%3D,Viejooooo
,https://www.youtube.com/watch?v=aD47lKCRWR8&pp=ygUFQXVyb24%3D,Y el supermarket
,https://www.youtube.com/watch?v=aD47lKCRWR8&pp=ygUFQXVyb24%3D,Ingles o espa√±ol?
,https://www.youtube.com/watch?v=aD47lKCRWR8&pp=ygUFQXVyb24%3D,Ola
,https://www.youtube.com/watch?v=aD47lKCRWR8&pp=ygUFQXVyb24%3D,Jokky le puso empe√±o a este video
,https://www.youtube.com/watch?v=aD47lKCRWR8&pp=ygUFQXVyb24%3D,"Listo Auron, te pagamos por jugarlo, pero haz como que no te pagaremos nada.
Auron: lo tengo"
,https://www.youtube.com/watch?v=aD47lKCRWR8&pp=ygUFQXVyb24%3D,No que ya se iba de twich?
,https://www.youtube.com/watch?v=aD47lKCRWR8&pp=ygUFQXVyb24%3D,Viejo sabroso
,https://www.youtube.com/watch?v=cDyv_BlmZvM&pp=ygUFQXVyb24%3D,"nunca falta el "" quien a escrito esto?? "" JAJAJAJAJAJJA"
,https://www.youtube.com/watch?v=cDyv_BlmZvM&pp=ygUFQXVyb24%3D,"Lo mejor de esta serie es ""quien a escrito esto?"", el ""pagar, pagar, pagar"" y el ""papel del CUlo"""
,https://www.youtube.com/watch?v=cDyv_BlmZvM&pp=ygUFQXVyb24%3D,Necesito una recopilaci√≥n de todas las veces que dice quien escribe esto t√≠o JAJAJA
,https://www.youtube.com/watch?v=cDyv_BlmZvM&pp=ygUFQXVyb24%3D,"Como s√© que te gustan mucho este tipo de juegos, te dejo aqu√≠ una sugerencia: Clothing Store Simulator es un simulador de crear tu propia tienda de ropa, lo he estado probando y est√° genial, seguro que te gusta"
,https://www.youtube.com/watch?v=cDyv_BlmZvM&pp=ygUFQXVyb24%3D,"Un video de Auron, almuerzo y en casa... en efecto es cine"
,https://www.youtube.com/watch?v=cDyv_BlmZvM&pp=ygUFQXVyb24%3D,"Auron vigilando la tienda y los clientes en una esquina, igual a los chinos en susnegocios en Venezuela xD"
,https://www.youtube.com/watch?v=cDyv_BlmZvM&pp=ygUFQXVyb24%3D,"40:49 Busca el Aceite de Oliva
40:57 Auro: Quien ha escrito esto?"
,https://www.youtube.com/watch?v=cDyv_BlmZvM&pp=ygUFQXVyb24%3D,"Por el meme yo tambi√©n me re√≠a del editor, pero desde que empec√© a crear videos me di cuenta de lo complicado que es editar, as√≠ que te amo editor XD"
,https://www.youtube.com/watch?v=cDyv_BlmZvM&pp=ygUFQXVyb24%3D,√ösame como bot√≥n para que estos videos duren un poco m√°s 
,https://www.youtube.com/watch?v=cDyv_BlmZvM&pp=ygUFQXVyb24%3D,"Te amo auron, sube videos del supermercado todos los d√≠as"
,https://www.youtube.com/watch?v=cDyv_BlmZvM&pp=ygUFQXVyb24%3D,Esto era exactamente lo que necesitaba para comer ü´∂
,https://www.youtube.com/watch?v=cDyv_BlmZvM&pp=ygUFQXVyb24%3D,"1:28


Jajajajajajajajajajajja 123 , 12,  123,, 1234"
,https://www.youtube.com/watch?v=cDyv_BlmZvM&pp=ygUFQXVyb24%3D,Le sube los precios cuando le dicen que esta caro JAJAJA
,https://www.youtube.com/watch?v=cDyv_BlmZvM&pp=ygUFQXVyb24%3D,"15:54 Momento ‚ÄúQui√©n escribe √©sto t√≠o?"" Xd"
,https://www.youtube.com/watch?v=cDyv_BlmZvM&pp=ygUFQXVyb24%3D,"""una cosa es tener buenos precios, que los tengo, pero otra es que se r√≠an en tu cara, YO POR AH√ç NO PASO"" jajaj"
,https://www.youtube.com/watch?v=cDyv_BlmZvM&pp=ygUFQXVyb24%3D,"Ver a un viejo sabroso trabajar en su supermercado, el mejor entretenimiento"
,https://www.youtube.com/watch?v=cDyv_BlmZvM&pp=ygUFQXVyb24%3D,5:37 la conversaci√≥n m√°s normal de auron‚Ä¶
,https://www.youtube.com/watch?v=cDyv_BlmZvM&pp=ygUFQXVyb24%3D,SOLO ESPERANDO LOS CAPITULOS DEL SUPERMERCADO porque me encanta esta serie
,https://www.youtube.com/watch?v=cDyv_BlmZvM&pp=ygUFQXVyb24%3D,"me veo esto en directo y luego ac√°, incre√≠ble que no me aburra"
,https://www.youtube.com/watch?v=cDyv_BlmZvM&pp=ygUFQXVyb24%3D,"Yo: ri√©ndome 
Mi mam√°: seguro ya tiene novia 
Auron sac√°ndome una risa en d√≠as dif√≠ciles, te quiero mucho Auron "
,https://www.youtube.com/watch?v=cDyv_BlmZvM&pp=ygUFQXVyb24%3D,"15:53 y que no falte el ""qui√©n escribe esto, t√≠o?"" cuando el que lo escribe es √©l con las teclas de movimiento jjajajajaj"
,https://www.youtube.com/watch?v=cDyv_BlmZvM&pp=ygUFQXVyb24%3D,"Justo a tiempo para almorzar, gracias Jokki, eres mi heroe"
,https://www.youtube.com/watch?v=cDyv_BlmZvM&pp=ygUFQXVyb24%3D,"ESTA SAGA NO HE PODIDO DEJAR DE VERLA, COSA QUE NO CREI ESPERARLO "
,https://www.youtube.com/watch?v=cDyv_BlmZvM&pp=ygUFQXVyb24%3D,"Un v√≠deo de Auron mientras almuerzo, lo mejor del mundo "
,https://www.youtube.com/watch?v=cDyv_BlmZvM&pp=ygUFQXVyb24%3D,"Por cierto Auron hay un mods que te pueden interesar
- Hay uno en el que puedes programar la hora en la que se encienden las luces ""NightGlow"" 
- Este otro es de los reponedores para que no pongan los productos donde les salga de la poll-, se llama ""No Restocker Rack Filling"""
,https://www.youtube.com/watch?v=cDyv_BlmZvM&pp=ygUFQXVyb24%3D,"""Es como f**k.. por que haces esto?"". Jajajaja"
,https://www.youtube.com/watch?v=cDyv_BlmZvM&pp=ygUFQXVyb24%3D,"Lo mejor de la serie es ""pero qui√©n escribe esto?"""
,https://www.youtube.com/watch?v=cDyv_BlmZvM&pp=ygUFQXVyb24%3D,46:15 han gemido en el fondo xd
,https://www.youtube.com/watch?v=cDyv_BlmZvM&pp=ygUFQXVyb24%3D,6:00 Auron out of context
,https://www.youtube.com/watch?v=cDyv_BlmZvM&pp=ygUFQXVyb24%3D,"Sub: Alma Marcela Silvo
Auron: ""¬øQue es un cohete?"""
,https://www.youtube.com/watch?v=cDyv_BlmZvM&pp=ygUFQXVyb24%3D,Cena+video de Auron= Felicidad
,https://www.youtube.com/watch?v=cDyv_BlmZvM&pp=ygUFQXVyb24%3D,Ya estaba esperando la otra parte de esta serie hermosa
,https://www.youtube.com/watch?v=cDyv_BlmZvM&pp=ygUFQXVyb24%3D, te deseo demasiado que llegues a las 60 mill√≥n de suscriptores
,https://www.youtube.com/watch?v=cDyv_BlmZvM&pp=ygUFQXVyb24%3D,8:03 JAJAJAKAKAKAKKAAKKA
,https://www.youtube.com/watch?v=cDyv_BlmZvM&pp=ygUFQXVyb24%3D,"Estos v√≠deos son los mejores, te amamos auronnn"
,https://www.youtube.com/watch?v=cDyv_BlmZvM&pp=ygUFQXVyb24%3D,49:43 como es posible que le de asco la leche??? 
,https://www.youtube.com/watch?v=cDyv_BlmZvM&pp=ygUFQXVyb24%3D,1:32 aprendiendo a contar con Auron 
,https://www.youtube.com/watch?v=cDyv_BlmZvM&pp=ygUFQXVyb24%3D,Grande rey aunque no se les hace raro que los repartidores tengan un colo.tan similar en fin fiel a la realidad xd
,https://www.youtube.com/watch?v=cDyv_BlmZvM&pp=ygUFQXVyb24%3D,"Que mejor un d√≠a lunes almorzando con un video de auron y mas por el supermercado, dioss"
,https://www.youtube.com/watch?v=cDyv_BlmZvM&pp=ygUFQXVyb24%3D,"Al fin otro episodio, pero deber√≠an ser m√°s largos, hubo uno de 2h eso si es bueno"
,https://www.youtube.com/watch?v=cDyv_BlmZvM&pp=ygUFQXVyb24%3D,Como me gusta de verdad como me gusta ver videos de este chico de verdad
,https://www.youtube.com/watch?v=cDyv_BlmZvM&pp=ygUFQXVyb24%3D,Es incre√≠ble como auron observa como los reponedores est√©n ocupados en otras cosas y no ayuda a reponer
,https://www.youtube.com/watch?v=cDyv_BlmZvM&pp=ygUFQXVyb24%3D,me encanta como les habla a los trabajadores
,https://www.youtube.com/watch?v=cDyv_BlmZvM&pp=ygUFQXVyb24%3D,"Hola, soy un Cliente de este Supermercado, vengo a hacer una queja sobre el due√±o. 
Las veces que me ha atendido en la caja siempre me ha insultado, encima tiene paquetes en frente de la entrada que te impide sircular por el camino, menudo supermercado de mierda que he visitado, ojal√° se vaya en la ruina."
,https://www.youtube.com/watch?v=cDyv_BlmZvM&pp=ygUFQXVyb24%3D,Silencio empez√≥ mi ser√≠a favorita. 
,https://www.youtube.com/watch?v=cDyv_BlmZvM&pp=ygUFQXVyb24%3D,‚ÄúMira mar√≠a Pati√±o‚Äù JAJAJAJA
,https://www.youtube.com/watch?v=cDyv_BlmZvM&pp=ygUFQXVyb24%3D,"maldito aurelio me peg√≥ el 'KE FUERRRTE TIA MEMEOOO"""
,https://www.youtube.com/watch?v=cDyv_BlmZvM&pp=ygUFQXVyb24%3D,"Qu√© bueno que subiste este, porque ten√≠a ya par de d√≠as sin comer esperando que ver"
,https://www.youtube.com/watch?v=cDyv_BlmZvM&pp=ygUFQXVyb24%3D,"Puedo ver a Austin jugar esto 8 horas seguidas, este juego se ha vuelto mi serie favorita"
,https://www.youtube.com/watch?v=cDyv_BlmZvM&pp=ygUFQXVyb24%3D,Amo que Jokki haga su trabajo rapido jandja
,https://www.youtube.com/watch?v=cDyv_BlmZvM&pp=ygUFQXVyb24%3D,Este si parece un supermercado el de noni parec√≠a la India  cajas tiradas dentro de mala manera 
,https://www.youtube.com/watch?v=cDyv_BlmZvM&pp=ygUFQXVyb24%3D,11:53 pov: el chino de el mercado JAJAAJJAAJAJ
,https://www.youtube.com/watch?v=cDyv_BlmZvM&pp=ygUFQXVyb24%3D,buenas siempre activo con los videos de auronnnnnnnn
,https://www.youtube.com/watch?v=cDyv_BlmZvM&pp=ygUFQXVyb24%3D,8:03  JAJAJAJJAJAJA
,https://www.youtube.com/watch?v=cDyv_BlmZvM&pp=ygUFQXVyb24%3D,"haces que mis d√≠as sean m√°s llevaderos, nunca dejes de subir videos porfa "
,https://www.youtube.com/watch?v=cDyv_BlmZvM&pp=ygUFQXVyb24%3D,"6:01  Auron, por Dios jajajajajajaja "
,https://www.youtube.com/watch?v=cDyv_BlmZvM&pp=ygUFQXVyb24%3D,"me encanta el hecho de que un canal que servia para ser el secundario y subir mierda termino siendo un canal de resubiciones de twitch y en uno que otro caso subir algo normal......Pero de todas formas, VIVA RAUL"
,https://www.youtube.com/watch?v=cDyv_BlmZvM&pp=ygUFQXVyb24%3D,Que ganas tenia de ver un nuevo capitulo de la mejor serie de Youtube
,https://www.youtube.com/watch?v=cDyv_BlmZvM&pp=ygUFQXVyb24%3D,El Jona es un genio jajaja
,https://www.youtube.com/watch?v=cDyv_BlmZvM&pp=ygUFQXVyb24%3D,"Adoro cuando juega este tipo de videojuegos, los mejores v√≠deos!!"
,https://www.youtube.com/watch?v=cDyv_BlmZvM&pp=ygUFQXVyb24%3D,A todo le baja 10 centavos el muy guarro jaja qu√© capo 
,https://www.youtube.com/watch?v=cDyv_BlmZvM&pp=ygUFQXVyb24%3D,"Saludos Auron bendiciones, sab√≠as igual que mientras yo jugaba ese juego, porque me dieron ganas de jugar vi√©ndote hahahaha, de que no se si lo sabes pero las neveras, refrigeradores y estantes, esas cosas puedes elegir el color cuando lo vayas a comprar, yo por ejemplo puse el refrigerador rojo para las sodas, igual que cuando cambian los precios puedes ir a la PC y donde compras los productos tienen las flechas los que cambian de precios, asi no se te olvida cuando lo cambian, y asi lo cambio cuando se me olvida, voy a la pc y miro cual cambio de precio"
,https://www.youtube.com/watch?v=cDyv_BlmZvM&pp=ygUFQXVyb24%3D,"Esta canci√≥n se la dedico a las chicas fuertes que comentan aqu√≠. Recordad la letra, os empoderara. 

No pienso morir de amor
Recordando aquel error
Que me hizo m√°s fuerte, tan indiferente
Feroz

No vas a morir de amor
De eso ya me encargo yo
Que t√∫ eres tan fuerte, tan libre y valiente
Y no

Nadie es inocente, y menos yo
Ense√±a los dientes, sin coraz√≥n
No te voy a decir lo que quieres o√≠r
Porque t√∫, ah

Tu problema
Es que pensabas que era yo m√°s buena
Ya te lo dije, pero no te enteras
Eres m√°s d√©bil que yo

Tu problema
Es que jugaste sin saber qui√©n quema
Fuiste el pe√≥n, pero yo soy la reina
T√∫ eres m√°s d√©bil que yo, oh

Te mir√© a los ojos, me quit√© la venda
Y ahora tu pel√≠cula no me la vendas
Ya me cans√©, ¬øt√∫ qui√©n te crees?
Que no entendiste nada, y no lo ves

Nadie es inocente (y menos yo)
Ense√±a los dientes, sin coraz√≥n
No te voy a decir lo que quieres o√≠r
Porque t√∫, ah

Tu problema
Es que pensabas que era yo m√°s buena
Ya te lo dije, pero no te enteras
Eres m√°s d√©bil que yo, oh, oh
Tu problema
Es que jugaste sin saber qui√©n quema
Fuiste el pe√≥n, pero yo soy la reina
Eres m√°s d√©bil que yo, oh

Tu problema"
,https://www.youtube.com/watch?v=cDyv_BlmZvM&pp=ygUFQXVyb24%3D,El v√≠deo perfecto que ver√≠a el rey Felipe VI el kioskero
,https://www.youtube.com/watch?v=cDyv_BlmZvM&pp=ygUFQXVyb24%3D,"Al fin, me quedaba sin videos del super para cenar, los tqm"
,https://www.youtube.com/watch?v=cDyv_BlmZvM&pp=ygUFQXVyb24%3D,"Hola Auron, puedes poner las cajas grandes en las estanter√≠as grandes ya que tienen un espacio adicional"
,https://www.youtube.com/watch?v=cDyv_BlmZvM&pp=ygUFQXVyb24%3D,"Me ponen muy feliz estos videos, son divertidos y me relajan "
,https://www.youtube.com/watch?v=cDyv_BlmZvM&pp=ygUFQXVyb24%3D,Amo ver tus videos me quitas la tristeza 
,https://www.youtube.com/watch?v=cDyv_BlmZvM&pp=ygUFQXVyb24%3D,Memeo te lo juro es el mejor xDDDD
,https://www.youtube.com/watch?v=cDyv_BlmZvM&pp=ygUFQXVyb24%3D,44:17 esa donaci√≥n JAJSSJSJSJJSSJSJ
,https://www.youtube.com/watch?v=cDyv_BlmZvM&pp=ygUFQXVyb24%3D,ya me faltaba m√°s del supermarked m√°s calvo del barrio xd
,https://www.youtube.com/watch?v=cDyv_BlmZvM&pp=ygUFQXVyb24%3D,Ra√∫l diciendo Vaina (Colombia) lo mejor de lo mejor
,https://www.youtube.com/watch?v=cDyv_BlmZvM&pp=ygUFQXVyb24%3D,Te amo AuronPlay me encanta ver tus videos Ô∏è saludos de Argentina
,https://www.youtube.com/watch?v=cDyv_BlmZvM&pp=ygUFQXVyb24%3D,"18:12
Recuerdos de tiempos felices..."
,https://www.youtube.com/watch?v=cDyv_BlmZvM&pp=ygUFQXVyb24%3D,Ufff justo en la hora del almuerzo esto es lo mejor 
,https://www.youtube.com/watch?v=cDyv_BlmZvM&pp=ygUFQXVyb24%3D,comer viendo esta serie increible es perfecto despues de un largo dia 
,https://www.youtube.com/watch?v=cDyv_BlmZvM&pp=ygUFQXVyb24%3D,1:45 Uno dos tres ....   uno dos tres cuatr  .... dos tres cuatro
,https://www.youtube.com/watch?v=cDyv_BlmZvM&pp=ygUFQXVyb24%3D,5:40 jjajjajajajajajajajaja
,https://www.youtube.com/watch?v=cDyv_BlmZvM&pp=ygUFQXVyb24%3D,"Excelente opci√≥n para hacer cena, y escuchar al Jefe del mejor supermercado "
,https://www.youtube.com/watch?v=cDyv_BlmZvM&pp=ygUFQXVyb24%3D,Me encantan los videos de Auron
,https://www.youtube.com/watch?v=cDyv_BlmZvM&pp=ygUFQXVyb24%3D,Trabaja Jokki que nos debes 4 d√≠as de esta preciosa serie
,https://www.youtube.com/watch?v=cDyv_BlmZvM&pp=ygUFQXVyb24%3D,Lo que amo ver a este cristiano jugar estas cosas
,https://www.youtube.com/watch?v=cDyv_BlmZvM&pp=ygUFQXVyb24%3D,Like si auron te embarazo
,https://www.youtube.com/watch?v=cDyv_BlmZvM&pp=ygUFQXVyb24%3D,Gracias a estos videos la hora de la comida se disfruta m√°s
,https://www.youtube.com/watch?v=cDyv_BlmZvM&pp=ygUFQXVyb24%3D,1:04 xd
,https://www.youtube.com/watch?v=cDyv_BlmZvM&pp=ygUFQXVyb24%3D,"Un shot cada que Auron diga:
""quien a escrito esto??"" XD"
,https://www.youtube.com/watch?v=cDyv_BlmZvM&pp=ygUFQXVyb24%3D,Subes los √°nimos con estos v√≠deos sigue la serie 
,https://www.youtube.com/watch?v=cDyv_BlmZvM&pp=ygUFQXVyb24%3D,Justo ahora a las 1:20 P.M
,https://www.youtube.com/watch?v=cDyv_BlmZvM&pp=ygUFQXVyb24%3D,"Auron, yo te recomendaroa ordenar todo tanto el almacen como la tiende en bebidas a un lado, harina a otro y seguir aso, lo tienes bien ordenado pero asi aun te seria todo mucho mas facil, eres el mejor"
,https://www.youtube.com/watch?v=cDyv_BlmZvM&pp=ygUFQXVyb24%3D,"Min: 11:53 
Los chinos del supermercado mirando que no se roben nada"
,https://www.youtube.com/watch?v=cDyv_BlmZvM&pp=ygUFQXVyb24%3D,1:05 
,https://www.youtube.com/watch?v=cDyv_BlmZvM&pp=ygUFQXVyb24%3D,Auron autom√°ticamente cuando abre este juego:callate callate callate xokas orgulloso 
,https://www.youtube.com/watch?v=cDyv_BlmZvM&pp=ygUFQXVyb24%3D,Ver a auron preocupado por su expansion 
,https://www.youtube.com/watch?v=cDyv_BlmZvM&pp=ygUFQXVyb24%3D,25:33 jajajaja
,https://www.youtube.com/watch?v=cDyv_BlmZvM&pp=ygUFQXVyb24%3D,Me salvaste la vida jajaja necesitaba perder 1 hora en la cl√≠nica. 
,https://www.youtube.com/watch?v=cDyv_BlmZvM&pp=ygUFQXVyb24%3D,"Co√±√±√±o yo terminando el ultimo video, y saliendo este, lo mejor, Grande jokki "
,https://www.youtube.com/watch?v=cDyv_BlmZvM&pp=ygUFQXVyb24%3D,"Auron, en las √∫ltimas filas del almac√©n te falta el Zumo nuevo que ten√≠as comprado de licencia, Zumo de mi palo. Un saludo."
,https://www.youtube.com/watch?v=cDyv_BlmZvM&pp=ygUFQXVyb24%3D,"El ""papel de cul√∏"""
,https://www.youtube.com/watch?v=cDyv_BlmZvM&pp=ygUFQXVyb24%3D,"Pov:Yendo al Supermarket *Quejarme de la leche*
Due√±o:La leche es muy cara para ti, ayyyy! y SI PRUEBAS TRABAJAR UN POQUITO 6:41"
,https://www.youtube.com/watch?v=cDyv_BlmZvM&pp=ygUFQXVyb24%3D,Auron siempre me pone muy contento
,https://www.youtube.com/watch?v=cDyv_BlmZvM&pp=ygUFQXVyb24%3D,"Esto es mi pan de cada d√≠a, ya me estaba desesperando"
,https://www.youtube.com/watch?v=cDyv_BlmZvM&pp=ygUFQXVyb24%3D,Jokki estuve esperando este video desde la otra semana (iron√≠a) m√°s r√°pido jokki por favor trabaja m√°s r√°pido como los empleados de auron en el mercado
,https://www.youtube.com/watch?v=cDyv_BlmZvM&pp=ygUFQXVyb24%3D,"D√≠a 2 d√°ndote una propuesta para el pr√≥ximo stream que probablemente no vas a leer:
Para que el supermercado quedase m√°s realista podr√≠as organizarlo poniendo productos similares cerca;
Los dos aceites juntos
Las dos harinas juntas
El caf√© y el t√© juntos
Los tres cereales juntos
Todos productos de higiene/limpieza juntos (papel del ano, lavavajillas, champ√∫, etc.)
La pasta los espaguetis juntos y el arroz tambi√©n pegar√≠a ah√≠.
Todas las bebidas alcoh√≥licas juntas.
Las dos tartas juntas y cerca de ellas el chocolate y las chuches
Todos los l√°cteos de nevera juntos (Leche, yogur, queso, mantequilla, etc.)
Si ten√©is alguna idea ponerla como respuesta a este comentario."
,https://www.youtube.com/watch?v=cDyv_BlmZvM&pp=ygUFQXVyb24%3D,Un Magnate de los Supermercados 
,https://www.youtube.com/watch?v=cDyv_BlmZvM&pp=ygUFQXVyb24%3D,Eres el mejor  auron siempre me alegras los d√≠as un saludo 
,https://www.youtube.com/watch?v=cDyv_BlmZvM&pp=ygUFQXVyb24%3D,Ning√∫n juego va a superar al del Cibercaf√©
,https://www.youtube.com/watch?v=cDyv_BlmZvM&pp=ygUFQXVyb24%3D,He estado esperando 3 d√≠as para verlo 
,https://www.youtube.com/watch?v=cDyv_BlmZvM&pp=ygUFQXVyb24%3D,"Na como es posible que uno se haga fan de un juego tan simple? Y es que los espero con ansias cada dia. Jokki, edita m√°s r√°pido pofavo."
,https://www.youtube.com/watch?v=cDyv_BlmZvM&pp=ygUFQXVyb24%3D,quien escribi√≥ esto? auron siempre que abre la PC del deposito. sos un pro.
,https://www.youtube.com/watch?v=cDyv_BlmZvM&pp=ygUFQXVyb24%3D,"Auron, amigo, ya demostraste en el Monopoly que tienes talento innato para los negocios, si no lo haces ya se te dar√≠a bien la bolsa de valores

2:10  Aqu√≠ si no vendes esa harina te va salir a perder en la factura pues no recuperas lo invertido por ella.

 El juego lo hace a posta para que t√∫ tambi√©n tengas algo que hacer para no quedarte mirando a los npc's"
,https://www.youtube.com/watch?v=cDyv_BlmZvM&pp=ygUFQXVyb24%3D,Me encantan estos videos ü•π
,https://www.youtube.com/watch?v=cDyv_BlmZvM&pp=ygUFQXVyb24%3D,"Justo  me pillas cenando , grande jokki"
,https://www.youtube.com/watch?v=cDyv_BlmZvM&pp=ygUFQXVyb24%3D,"Hazlo franquicia no pierdas el tiempo.....
Nah sabes que me encantan estos videos"
,https://www.youtube.com/watch?v=cDyv_BlmZvM&pp=ygUFQXVyb24%3D,"R√°pido jocky, quiero un cap√≠tulo por d√≠a de por menos una hora cabrooooooon!!!"
,https://www.youtube.com/watch?v=cDyv_BlmZvM&pp=ygUFQXVyb24%3D,Vuelve a hacer v√≠deos de risa porfa hecho de menos al AuronPlay de antes
,https://www.youtube.com/watch?v=cDyv_BlmZvM&pp=ygUFQXVyb24%3D,36:04
,https://www.youtube.com/watch?v=cDyv_BlmZvM&pp=ygUFQXVyb24%3D,me gustaria que al final de esta serie baje los premios que no sean ganancias si no perdida y que haga prestamos y se quede en la quiebra para ver que passa :v
,https://www.youtube.com/watch?v=cDyv_BlmZvM&pp=ygUFQXVyb24%3D,Moriiiii viendo a AURON subido a la caja para controlar si los clientes se quejaban!!!!!!!!!!!!!!!!!!!!!!!
,https://www.youtube.com/watch?v=cDyv_BlmZvM&pp=ygUFQXVyb24%3D,44:17 queeeeeeee
,https://www.youtube.com/watch?v=cDyv_BlmZvM&pp=ygUFQXVyb24%3D,46:00
,https://www.youtube.com/watch?v=cDyv_BlmZvM&pp=ygUFQXVyb24%3D,Siiiii un dia mas viendo a auron 
,https://www.youtube.com/watch?v=cDyv_BlmZvM&pp=ygUFQXVyb24%3D,25:32 XDD
,https://www.youtube.com/watch?v=cDyv_BlmZvM&pp=ygUFQXVyb24%3D,Auron hablando del mame sobre la siguiente presidenta de M√©xico sobre la circuncisi√≥n jajajajaja
,https://www.youtube.com/watch?v=cDyv_BlmZvM&pp=ygUFQXVyb24%3D,"t recomiendo q investigues un par de mods q no cambian mucho el juego, algunos t dejan ver cuantas cosas tienes en el inventario desde la app y es mas facil comprar, t quitan el limite de 10 compras de una sola vez, mejoran la ia de los reponedores y hacen que no te dejen cajas con 1 o 2 items y los juntan...
Like para q lo vea :3"
,https://www.youtube.com/watch?v=cDyv_BlmZvM&pp=ygUFQXVyb24%3D,la mejor serie de youtube
,https://www.youtube.com/watch?v=cDyv_BlmZvM&pp=ygUFQXVyb24%3D,"Amo este juego aunque me gustaria que el creador colocara personajes con algun dialogo o bonos de dinero etra seria bueno, ojala alguien cree un juego asi de supermercado pero con personajes graciosos y unicos."
,https://www.youtube.com/watch?v=cDyv_BlmZvM&pp=ygUFQXVyb24%3D,Auron en el supermercado me recuerda al video parodia de Kris Jenner ense√±ando su casa XD
,https://www.youtube.com/watch?v=cDyv_BlmZvM&pp=ygUFQXVyb24%3D,"Ya el curso que va a vender m√°s adelante auron no lo necesito, me contrataron en un s√∫per y gracias a Auron como atiende a la gente en cajas, soy una m√°quina atendiendo a los clientes "
,https://www.youtube.com/watch?v=cDyv_BlmZvM&pp=ygUFQXVyb24%3D,41:47
,https://www.youtube.com/watch?v=cDyv_BlmZvM&pp=ygUFQXVyb24%3D,Es que cuando juega se le sueltan unas faltadas‚ÄçÔ∏è incre√≠ble
,https://www.youtube.com/watch?v=cDyv_BlmZvM&pp=ygUFQXVyb24%3D,Nah de lokos el viejo sabroso
,https://www.youtube.com/watch?v=cDyv_BlmZvM&pp=ygUFQXVyb24%3D,Imag√≠nate jugar este juego en Mobil que cada paso que das te salta un anuncio  estos ni√±os cu√°nta paciencia tienen pobres
,https://www.youtube.com/watch?v=cDyv_BlmZvM&pp=ygUFQXVyb24%3D,GRANDE PAPI AURON
,https://www.youtube.com/watch?v=cDyv_BlmZvM&pp=ygUFQXVyb24%3D,"Gente aprovechen esto mientras puedan que lo tienen fresquito recien salido del horno, el dia de ma√±ana solo seran recuerdos..."
,https://www.youtube.com/watch?v=cDyv_BlmZvM&pp=ygUFQXVyb24%3D,Excelente justo a la hora de la comida 
,https://www.youtube.com/watch?v=cDyv_BlmZvM&pp=ygUFQXVyb24%3D,Lo mejor del d√≠a para los calvos
,https://www.youtube.com/watch?v=cDyv_BlmZvM&pp=ygUFQXVyb24%3D,Saludos desde Rep√∫blica Dominicana
,https://www.youtube.com/watch?v=cDyv_BlmZvM&pp=ygUFQXVyb24%3D,amo esta serie se√±or calvoooo
,https://www.youtube.com/watch?v=cDyv_BlmZvM&pp=ygUFQXVyb24%3D,9:41
,https://www.youtube.com/watch?v=cDyv_BlmZvM&pp=ygUFQXVyb24%3D,Naaaaaa ya tengo vicio a esta serie gente 
,https://www.youtube.com/watch?v=cDyv_BlmZvM&pp=ygUFQXVyb24%3D,AQU√ç LOS QUE EXTRA√ëAMOS A ROCKO DEL CIVER CAF√â 
,https://www.youtube.com/watch?v=cDyv_BlmZvM&pp=ygUFQXVyb24%3D,"Auronplay de boca, lo mejor que hay"
,https://www.youtube.com/watch?v=cDyv_BlmZvM&pp=ygUFQXVyb24%3D,"A pesar de que es un juego simple,pues admito que me entretengo bastante vi√©ndolo jugar."
,https://www.youtube.com/watch?v=cDyv_BlmZvM&pp=ygUFQXVyb24%3D,Se me a alegrado el d√≠a al llegarme la notificaci√≥n
,https://www.youtube.com/watch?v=cDyv_BlmZvM&pp=ygUFQXVyb24%3D,Fua esto es cine 
,https://www.youtube.com/watch?v=cDyv_BlmZvM&pp=ygUFQXVyb24%3D,Auronplay te echo de menos cuando me hac√≠a re√≠r sin la risa no puedo vivir vuelve a hacer v√≠deos porfa
,https://www.youtube.com/watch?v=cDyv_BlmZvM&pp=ygUFQXVyb24%3D,"Auron como jefe, fant√°stico "
,https://www.youtube.com/watch?v=cDyv_BlmZvM&pp=ygUFQXVyb24%3D,Auron podrias hacer una serie de Manor lords. Es un juego en pc
,https://www.youtube.com/watch?v=cDyv_BlmZvM&pp=ygUFQXVyb24%3D,Dejaste entrar otra vez algunas cajas
,https://www.youtube.com/watch?v=cDyv_BlmZvM&pp=ygUFQXVyb24%3D,15:52 esa transici√≥n??
,https://www.youtube.com/watch?v=cDyv_BlmZvM&pp=ygUFQXVyb24%3D,Gracias por el short joki
,https://www.youtube.com/watch?v=cDyv_BlmZvM&pp=ygUFQXVyb24%3D,La cena y un vide√≠to lo mejor ..
,https://www.youtube.com/watch?v=cDyv_BlmZvM&pp=ygUFQXVyb24%3D,Un gran empresario 
,https://www.youtube.com/watch?v=cDyv_BlmZvM&pp=ygUFQXVyb24%3D,Oye auron podr√≠as hacer jugando Rex parte 4 porque solo estuviste hasta las 3 hasta las 3 Me gust√≥ mucho la 3 pero yo quer√≠a las 4
,https://www.youtube.com/watch?v=cDyv_BlmZvM&pp=ygUFQXVyb24%3D,"Prefiero mil veces esto a que las carreras de GTA , es divertida esta serie"
,https://www.youtube.com/watch?v=cDyv_BlmZvM&pp=ygUFQXVyb24%3D,40:17 fuera de contexto xd
,https://www.youtube.com/watch?v=cDyv_BlmZvM&pp=ygUFQXVyb24%3D,Espero poder reunir lo suficiente para comenzar a hacer cosas tambi√©n... Y llegar a ser grande como t√∫.
,https://www.youtube.com/watch?v=cDyv_BlmZvM&pp=ygUFQXVyb24%3D,"Auron gracias a ti me he viciado a este juego,hasta me lo he comprado en la pc,es muy entretenido :D"
,https://www.youtube.com/watch?v=cDyv_BlmZvM&pp=ygUFQXVyb24%3D,"El editor es el mejor, no como el guarro sabroso del calvo que juega, soy tu fan editor "
,https://www.youtube.com/watch?v=cDyv_BlmZvM&pp=ygUFQXVyb24%3D,15:46 justo estaba comiendo Nutella
,https://www.youtube.com/watch?v=cDyv_BlmZvM&pp=ygUFQXVyb24%3D,"48:30 

A mi me pasa con la cebolla..."
,https://www.youtube.com/watch?v=cDyv_BlmZvM&pp=ygUFQXVyb24%3D,Te amo AuronÔ∏è
,https://www.youtube.com/watch?v=cDyv_BlmZvM&pp=ygUFQXVyb24%3D,"no hay nada mejor que despues de un concierto de karol g, ir a mi casa a ver auron!!"
,https://www.youtube.com/watch?v=cDyv_BlmZvM&pp=ygUFQXVyb24%3D,Auron no hace falta que memorices lo que ha cambiado de precio simplemente miras donde las compras y te sale al lado del precio un flecha para arriba si ha subido y una hacia abajo si ha bajado de precio
,https://www.youtube.com/watch?v=cDyv_BlmZvM&pp=ygUFQXVyb24%3D,"¬øEn este juego hay temporadas?, como la navide√±a y por ende los clientes comprando acorde a."
,https://www.youtube.com/watch?v=cDyv_BlmZvM&pp=ygUFQXVyb24%3D,"Gracias auron, tus videos me ayudan a olvidarme de la mierda que es la vida durante 1 hora"
,https://www.youtube.com/watch?v=cDyv_BlmZvM&pp=ygUFQXVyb24%3D, vaya rapidez con la que  est√°n subiendo las Vistas  y los comentario    y likes dejen su like tambie.
,https://www.youtube.com/watch?v=cDyv_BlmZvM&pp=ygUFQXVyb24%3D,18:14 auronplay de youtube??? xd
,https://www.youtube.com/watch?v=cDyv_BlmZvM&pp=ygUFQXVyb24%3D,18:09
,https://www.youtube.com/watch?v=cDyv_BlmZvM&pp=ygUFQXVyb24%3D,Amoo queria este video para comer jaja
,https://www.youtube.com/watch?v=cDyv_BlmZvM&pp=ygUFQXVyb24%3D,si Auron fuera mi patr√≥n de esa tienda yo salgo huyendo ü´∂
,https://www.youtube.com/watch?v=cDyv_BlmZvM&pp=ygUFQXVyb24%3D,"Grande Jokki, ya en tu canal has subido mucho a Auron, debes varias con colocar videos musicales tuyos, videos de lifestyles y los resubido de Gasolino"
,https://www.youtube.com/watch?v=cDyv_BlmZvM&pp=ygUFQXVyb24%3D,"Trabajo de reponedor y veo a auron de reponedor, mi vida es la chamba"
,https://www.youtube.com/watch?v=cDyv_BlmZvM&pp=ygUFQXVyb24%3D,Jajajjajajaja  me encanta!
,https://www.youtube.com/watch?v=cDyv_BlmZvM&pp=ygUFQXVyb24%3D,Me da tanta risa cuando le dicen que tiene un supermercado culero
,https://www.youtube.com/watch?v=cDyv_BlmZvM&pp=ygUFQXVyb24%3D,Saca una colecci√≥n de de don gato en auron house 
,https://www.youtube.com/watch?v=cDyv_BlmZvM&pp=ygUFQXVyb24%3D,"Auron: Vale,Vele papel de culo e comprado sjjajajajaj"
,https://www.youtube.com/watch?v=cDyv_BlmZvM&pp=ygUFQXVyb24%3D,Al fin haces tu trabajo jokki ü´°
,https://www.youtube.com/watch?v=cDyv_BlmZvM&pp=ygUFQXVyb24%3D,Hay otro canal que sube los cap√≠tulos completos... Este cap√≠tulo ya lo vi como hace 2 d√≠as
,https://www.youtube.com/watch?v=cDyv_BlmZvM&pp=ygUFQXVyb24%3D,TE QUIERO MUCHO AURON  SALUDOS. A TODOS HEHR
,https://www.youtube.com/watch?v=cDyv_BlmZvM&pp=ygUFQXVyb24%3D,"Deberia cambiar un poco la dinamica de los directos ek el sentido juegos para quien no le gusta  ese juego, yo por lo menos no me los veo entero y es una pena pero bueno, gracias  auron grande Ô∏èÔ∏èÔ∏èÔ∏è"
,https://www.youtube.com/watch?v=cDyv_BlmZvM&pp=ygUFQXVyb24%3D,Yo imaginando que Auron me anima a seguir trabajando cada vez que lo hace con los reponedores salud mental 0%
,https://www.youtube.com/watch?v=cDyv_BlmZvM&pp=ygUFQXVyb24%3D,"Grande Auron , no hagas caso a los comentarios negativos,  sigue adelante ampliando y haciendo un gran supermercado"
,https://www.youtube.com/watch?v=cDyv_BlmZvM&pp=ygUFQXVyb24%3D,La Curita de mi ansiedad Ô∏è‚Äç
,https://www.youtube.com/watch?v=cDyv_BlmZvM&pp=ygUFQXVyb24%3D,23:07 Auron lo restante que ten√≠a el reponedor lo voto a la basura 
,https://www.youtube.com/watch?v=cDyv_BlmZvM&pp=ygUFQXVyb24%3D,Saludos desde Hondurasüá≠üá≥ Auron
,https://www.youtube.com/watch?v=cDyv_BlmZvM&pp=ygUFQXVyb24%3D,15:55 Alguien le puede decir de una vez que es porque lo deja abierto y al caminar escribe?
,https://www.youtube.com/watch?v=cDyv_BlmZvM&pp=ygUFQXVyb24%3D,jokki resubelos enteros mi rey<3
,https://www.youtube.com/watch?v=cDyv_BlmZvM&pp=ygUFQXVyb24%3D,Lo que necesitava hoy
,https://www.youtube.com/watch?v=cDyv_BlmZvM&pp=ygUFQXVyb24%3D,24:14  Auron pone 2.40 y cuando confirma se transforma en 240  WTF ?
,https://www.youtube.com/watch?v=cDyv_BlmZvM&pp=ygUFQXVyb24%3D,Like si quieres que hagan un v√≠deo de los inicios del super de auron a como va avanzando y que auron reaccione
,https://www.youtube.com/watch?v=cDyv_BlmZvM&pp=ygUFQXVyb24%3D,"Con permiso, se√±orita"
,https://www.youtube.com/watch?v=cDyv_BlmZvM&pp=ygUFQXVyb24%3D,Al fin viejo sabroso! Esto necesitaba.
,https://www.youtube.com/watch?v=cDyv_BlmZvM&pp=ygUFQXVyb24%3D,"por fin, llevaba dias esperando"
,https://www.youtube.com/watch?v=cDyv_BlmZvM&pp=ygUFQXVyb24%3D,Espero y subas otro video mas rapido viejo guarro Ô∏è un saludo 
,https://www.youtube.com/watch?v=cDyv_BlmZvM&pp=ygUFQXVyb24%3D,Excelente vidio gameplay se√±or Mauron el Playas 
,https://www.youtube.com/watch?v=cDyv_BlmZvM&pp=ygUFQXVyb24%3D,Gracias a ti tambi√©n me baje el juego y me estoy viciando una barbaridad al juego....la verdad est√° superentretenido
,https://www.youtube.com/watch?v=cDyv_BlmZvM&pp=ygUFQXVyb24%3D,"Merienda y video de Auron, tarde feliz "
,https://www.youtube.com/watch?v=cDyv_BlmZvM&pp=ygUFQXVyb24%3D,39:50 yo cuando llevo muchos d√≠as sin ver a mi novia y ya toca (no tengo novia)
,https://www.youtube.com/watch?v=cDyv_BlmZvM&pp=ygUFQXVyb24%3D,Esto era exactamente lo que necesitaba para comer ü´∂
,https://www.youtube.com/watch?v=cDyv_BlmZvM&pp=ygUFQXVyb24%3D,43:54 Auron diciendo que este juego va a ser la serie m√°s larga de su canal ü´∂
,https://www.youtube.com/watch?v=cDyv_BlmZvM&pp=ygUFQXVyb24%3D,Auron ojal√° alg√∫n d√≠a llegue a cumplir mi sue√±o y poder jugar y conocerte eres mi gran inspiraci√≥n 
,https://www.youtube.com/watch?v=cDyv_BlmZvM&pp=ygUFQXVyb24%3D,Justo lo que necesitaba 
,https://www.youtube.com/watch?v=cDyv_BlmZvM&pp=ygUFQXVyb24%3D,"Amancio ortega, tiembla"
,https://www.youtube.com/watch?v=cDyv_BlmZvM&pp=ygUFQXVyb24%3D,Yo juego tambi√©n en m√≥vil pero no se porque a√∫n no meten los reponedores tengo que hacerlo todo yo y ya soy nivel 22 y tampoco hay comida de la que van en los refrigeradores o sea el pollo y eso‚Ä¶ Ojal√° lo pongan r√°pido
,https://www.youtube.com/watch?v=cDyv_BlmZvM&pp=ygUFQXVyb24%3D,Justo a tiempo para almorzar viendo video
,https://www.youtube.com/watch?v=cDyv_BlmZvM&pp=ygUFQXVyb24%3D,"Primera 
Aqu√≠ son trabajo, pero emprendiendo mi propio negocio"
,https://www.youtube.com/watch?v=cDyv_BlmZvM&pp=ygUFQXVyb24%3D,Gran v√≠deo jokki
,https://www.youtube.com/watch?v=cDyv_BlmZvM&pp=ygUFQXVyb24%3D,Yo tambi√©n lo ando jugando y pongo el precio del mercado y nunca se quejan
,https://www.youtube.com/watch?v=cDyv_BlmZvM&pp=ygUFQXVyb24%3D,CAPITULOS MAS LARGOS POR FAVORRRRR!!!!!!!
,https://www.youtube.com/watch?v=cDyv_BlmZvM&pp=ygUFQXVyb24%3D,Aqui los que aman a auronpley
,https://www.youtube.com/watch?v=cDyv_BlmZvM&pp=ygUFQXVyb24%3D,Apenas lo subieron ya era hora!! 
,https://www.youtube.com/watch?v=cDyv_BlmZvM&pp=ygUFQXVyb24%3D,"en Argentina se usan las gondolas (estanteriasI puntero de gondola, aqui no hay"
,https://www.youtube.com/watch?v=cDyv_BlmZvM&pp=ygUFQXVyb24%3D,Fino rey
,https://www.youtube.com/watch?v=cDyv_BlmZvM&pp=ygUFQXVyb24%3D,Este juego me gusta much√≠simo
,https://www.youtube.com/watch?v=cDyv_BlmZvM&pp=ygUFQXVyb24%3D,"Primero 
A m√≠ lo que no me gusta son las alverjas 
Segundo 
Noni pon√≠a los precios 19 c√©ntimos del costo del mercado para no tener quejas del precio 
√öltimo 
En donde compras los productos te dice si son de nevera , frigor√≠fico o estanter√≠a"
,https://www.youtube.com/watch?v=cDyv_BlmZvM&pp=ygUFQXVyb24%3D,Papel t√≠o papel para el colete tio
,https://www.youtube.com/watch?v=cDyv_BlmZvM&pp=ygUFQXVyb24%3D,TEMPRANO PA LA COMPRA
,https://www.youtube.com/watch?v=cDyv_BlmZvM&pp=ygUFQXVyb24%3D,6:55 : Yo buscando empleo en mi pa√≠s con 24 a√±itos recien cumplidos... Las respuestas de las tiendas:
,https://www.youtube.com/watch?v=cDyv_BlmZvM&pp=ygUFQXVyb24%3D,Falta Papel del C¬∞lo a muerte XD
,https://www.youtube.com/watch?v=cDyv_BlmZvM&pp=ygUFQXVyb24%3D,Hola auron soy tu nuevo fan saludos desde M√©xico xd
,https://www.youtube.com/watch?v=cDyv_BlmZvM&pp=ygUFQXVyb24%3D,Me encantas tus videos
,https://www.youtube.com/watch?v=cDyv_BlmZvM&pp=ygUFQXVyb24%3D,Feliz d√≠a mods
,https://www.youtube.com/watch?v=cDyv_BlmZvM&pp=ygUFQXVyb24%3D,"Auroooooonnn, juega m√°s el juego del simulador de autopsia "
,https://www.youtube.com/watch?v=cDyv_BlmZvM&pp=ygUFQXVyb24%3D,"Novela, comenz√≥ mi silencio"
,https://www.youtube.com/watch?v=cDyv_BlmZvM&pp=ygUFQXVyb24%3D,Buen trabajo jokki
,https://www.youtube.com/watch?v=cDyv_BlmZvM&pp=ygUFQXVyb24%3D,auron y el chat se viven matando esta genial xD
,https://www.youtube.com/watch?v=cDyv_BlmZvM&pp=ygUFQXVyb24%3D,51:59 auron a p###
,https://www.youtube.com/watch?v=cDyv_BlmZvM&pp=ygUFQXVyb24%3D,Por experiencia propia trabajar en un supermercado es una m y m√°s cuando no quieren contratar m√°s personal XD
,https://www.youtube.com/watch?v=cDyv_BlmZvM&pp=ygUFQXVyb24%3D,Auron es mi idolo
,https://www.youtube.com/watch?v=cDyv_BlmZvM&pp=ygUFQXVyb24%3D,Porfa saludoss
,https://www.youtube.com/watch?v=cDyv_BlmZvM&pp=ygUFQXVyb24%3D, 2:13
,https://www.youtube.com/watch?v=cDyv_BlmZvM&pp=ygUFQXVyb24%3D,"El cilantro me produce arcadas.
Fui a Portugal y por primera vez decid√≠ comer langosta en un restaurante que me recomendaron varios amigos, y realmente ten√≠a muy buenas opiniones en Internet. Van y me sirven la langosta con cilantro, llena de cilantro. Tuve que dejarme casi toda la langosta."
,https://www.youtube.com/watch?v=cDyv_BlmZvM&pp=ygUFQXVyb24%3D,"""¬øQui√©n escribe aqu√≠ tio?"" Ô∏èÔ∏èÔ∏è"
,https://www.youtube.com/watch?v=cDyv_BlmZvM&pp=ygUFQXVyb24%3D,Good
,https://www.youtube.com/watch?v=cDyv_BlmZvM&pp=ygUFQXVyb24%3D, 5:52
,https://www.youtube.com/watch?v=cDyv_BlmZvM&pp=ygUFQXVyb24%3D,Eres el put0 amo auron 
,https://www.youtube.com/watch?v=cDyv_BlmZvM&pp=ygUFQXVyb24%3D,hola Sauron res mi streamer favorito he visto el supermercado en directo y en el video nunca me canso
,https://www.youtube.com/watch?v=cDyv_BlmZvM&pp=ygUFQXVyb24%3D,jajajaj
,https://www.youtube.com/watch?v=cDyv_BlmZvM&pp=ygUFQXVyb24%3D,Esto va a ser mas largo que Marbella? Xd
,https://www.youtube.com/watch?v=cDyv_BlmZvM&pp=ygUFQXVyb24%3D,Y este nuevo prime de auron??? Est√° m√°s gracioso y m√°s sabroso como el cilantro
,https://www.youtube.com/watch?v=cDyv_BlmZvM&pp=ygUFQXVyb24%3D,Auron podria jugar este juego en la vida real y poner su supermercado
,https://www.youtube.com/watch?v=cDyv_BlmZvM&pp=ygUFQXVyb24%3D,Hola auron. Muy bien v√≠deo 
,https://www.youtube.com/watch?v=cDyv_BlmZvM&pp=ygUFQXVyb24%3D,El t√≠pico due√±o de tienda pelo escoba .
,https://www.youtube.com/watch?v=cDyv_BlmZvM&pp=ygUFQXVyb24%3D,Xd
,https://www.youtube.com/watch?v=cDyv_BlmZvM&pp=ygUFQXVyb24%3D,Cada d√≠a mejor
,https://www.youtube.com/watch?v=cDyv_BlmZvM&pp=ygUFQXVyb24%3D,Auron otra para ma√±ana xfaü´∂ü´∂
,https://www.youtube.com/watch?v=cDyv_BlmZvM&pp=ygUFQXVyb24%3D,Exijo el resumen del cap√≠tulo 10!!
,https://www.youtube.com/watch?v=cDyv_BlmZvM&pp=ygUFQXVyb24%3D,Te quiero auron jajajaj 
,https://www.youtube.com/watch?v=cDyv_BlmZvM&pp=ygUFQXVyb24%3D,Grande Auron 
,https://www.youtube.com/watch?v=cDyv_BlmZvM&pp=ygUFQXVyb24%3D,Te amo auronplay
,https://www.youtube.com/watch?v=cDyv_BlmZvM&pp=ygUFQXVyb24%3D,Alguien m√°s extra√±a tortillalan @auron
,https://www.youtube.com/watch?v=cDyv_BlmZvM&pp=ygUFQXVyb24%3D,esta bueno el simulador de comerciante chino
,https://www.youtube.com/watch?v=cDyv_BlmZvM&pp=ygUFQXVyb24%3D,Auron reacciona al video de turbios porfa 
,https://www.youtube.com/watch?v=cDyv_BlmZvM&pp=ygUFQXVyb24%3D,Soy el tercero en cometar vamos auro
,https://www.youtube.com/watch?v=cDyv_BlmZvM&pp=ygUFQXVyb24%3D,"Llegu√© temprano a ver a mi viejo, joki labura m√°s que auron ya va por el d√≠a 365"
,https://www.youtube.com/watch?v=cDyv_BlmZvM&pp=ygUFQXVyb24%3D,El mejor
,https://www.youtube.com/watch?v=cDyv_BlmZvM&pp=ygUFQXVyb24%3D,Hola guenas como estas llegue tarde pero segurro
,https://www.youtube.com/watch?v=cDyv_BlmZvM&pp=ygUFQXVyb24%3D,Por favor auron  puedes hacer m√°s v√≠deos de amongus pls
,https://www.youtube.com/watch?v=cDyv_BlmZvM&pp=ygUFQXVyb24%3D,Holaaaa
,https://www.youtube.com/watch?v=cDyv_BlmZvM&pp=ygUFQXVyb24%3D,Me Encantaaa~~
,https://www.youtube.com/watch?v=cDyv_BlmZvM&pp=ygUFQXVyb24%3D,Auron fijate al acabar el dia k tienes muchas perdidad cuando acaba el dia te cuanto de ganancia ganas al dia
,https://www.youtube.com/watch?v=cDyv_BlmZvM&pp=ygUFQXVyb24%3D,Gran video ( no llevo ni 2 min)
,https://www.youtube.com/watch?v=cDyv_BlmZvM&pp=ygUFQXVyb24%3D,Buen video auron
,https://www.youtube.com/watch?v=cDyv_BlmZvM&pp=ygUFQXVyb24%3D, 5:52
,https://www.youtube.com/watch?v=cDyv_BlmZvM&pp=ygUFQXVyb24%3D,Silencio q empez√≥ la novela
,https://www.youtube.com/watch?v=cDyv_BlmZvM&pp=ygUFQXVyb24%3D,grande jokki buen video
,https://www.youtube.com/watch?v=cDyv_BlmZvM&pp=ygUFQXVyb24%3D,"Acabo de pegarme 3h de juego dsd el mvl xk lo han retrasado para playstation 5 un mes, a√∫n as√≠ es complicado dsd el tel√©fono por los controles y no se le puede poner mando y en 3h apenas he hecho nada"
,https://www.youtube.com/watch?v=cDyv_BlmZvM&pp=ygUFQXVyb24%3D,esos reponedores siempre se me quedan bugueados
,https://www.youtube.com/watch?v=cDyv_BlmZvM&pp=ygUFQXVyb24%3D,Para t√≠a que me meo 
,https://www.youtube.com/watch?v=cDyv_BlmZvM&pp=ygUFQXVyb24%3D,Me encantaria comprarme toda la mercanc√≠a de Auron house  pero andamos sin plata
,https://www.youtube.com/watch?v=cDyv_BlmZvM&pp=ygUFQXVyb24%3D,EN VEZ DE BAJAR LOS PRECIOSS LOS ESTAS SUBIENDO 
,https://www.youtube.com/watch?v=cDyv_BlmZvM&pp=ygUFQXVyb24%3D,Soy yo pero me incantaria que auron cree un mundo de minecraft con mods seria bueno pues creo yo no?
,https://www.youtube.com/watch?v=cDyv_BlmZvM&pp=ygUFQXVyb24%3D,"sh, silencio, empezo mi serie favorita"
,https://www.youtube.com/watch?v=cDyv_BlmZvM&pp=ygUFQXVyb24%3D,Cuando vas a subir Terraria!
,https://www.youtube.com/watch?v=cDyv_BlmZvM&pp=ygUFQXVyb24%3D,C√°llate c√°llate c√°llate 
,https://www.youtube.com/watch?v=cDyv_BlmZvM&pp=ygUFQXVyb24%3D,S√≠ganme hago m√∫sica (no hate)
,https://www.youtube.com/watch?v=cDyv_BlmZvM&pp=ygUFQXVyb24%3D,Eres perfecto baby
,https://www.youtube.com/watch?v=cDyv_BlmZvM&pp=ygUFQXVyb24%3D,Grande auron
,https://www.youtube.com/watch?v=cDyv_BlmZvM&pp=ygUFQXVyb24%3D,Auron soy tu primer likee
,https://www.youtube.com/watch?v=cDyv_BlmZvM&pp=ygUFQXVyb24%3D,Buen Strem auron
,https://www.youtube.com/watch?v=cDyv_BlmZvM&pp=ygUFQXVyb24%3D,"Calvooooo!!!!!!
Reacciona a elTurbius "
,https://www.youtube.com/watch?v=cDyv_BlmZvM&pp=ygUFQXVyb24%3D,Buen Strem auron
,https://www.youtube.com/watch?v=cDyv_BlmZvM&pp=ygUFQXVyb24%3D,Son 5 reponedores auron mira en la Compu del juego
,https://www.youtube.com/watch?v=cDyv_BlmZvM&pp=ygUFQXVyb24%3D,Te amo viejo sabroso. Ô∏è
,https://www.youtube.com/watch?v=cDyv_BlmZvM&pp=ygUFQXVyb24%3D,"Joder llegue ,uno de los primeros  hasta que vi 100 comentarios mas en 30 segundos xddd"
,https://www.youtube.com/watch?v=cDyv_BlmZvM&pp=ygUFQXVyb24%3D, el papel de ba√±o le subi√≥ el precio por cabrones ajajaj
,https://www.youtube.com/watch?v=cDyv_BlmZvM&pp=ygUFQXVyb24%3D,Auron eres popular segundo lleno de like
,https://www.youtube.com/watch?v=cDyv_BlmZvM&pp=ygUFQXVyb24%3D,14:05 Auron? JAJAJAJAJA
,https://www.youtube.com/watch?v=cDyv_BlmZvM&pp=ygUFQXVyb24%3D,Hasta que tengo algo para comer agusto
,https://www.youtube.com/watch?v=cDyv_BlmZvM&pp=ygUFQXVyb24%3D,Buenas auron
,https://www.youtube.com/watch?v=cDyv_BlmZvM&pp=ygUFQXVyb24%3D,"Dejen su like de kienes de inmediato vinieron de verlo de su directo en Twitch a ver de nuevo, por cierto saludos desde Peru"
,https://www.youtube.com/watch?v=cDyv_BlmZvM&pp=ygUFQXVyb24%3D,Ahora si puedo dormir feliz
,https://www.youtube.com/watch?v=cDyv_BlmZvM&pp=ygUFQXVyb24%3D,donde puedo descargar el juego
,https://www.youtube.com/watch?v=cDyv_BlmZvM&pp=ygUFQXVyb24%3D,Que buen video 
,https://www.youtube.com/watch?v=cDyv_BlmZvM&pp=ygUFQXVyb24%3D,"Nuevo video de mi serie favorita 
Pd: super mercado de mierda."
,https://www.youtube.com/watch?v=cDyv_BlmZvM&pp=ygUFQXVyb24%3D,La mejor serie?
,https://www.youtube.com/watch?v=cDyv_BlmZvM&pp=ygUFQXVyb24%3D,Auron eres el mejor 
,https://www.youtube.com/watch?v=cDyv_BlmZvM&pp=ygUFQXVyb24%3D,"Frase del dia: ""¬øQui√©n ha escrito esto?"""
,https://www.youtube.com/watch?v=cDyv_BlmZvM&pp=ygUFQXVyb24%3D,"UN SALUDO AURON, PLIS CONT√âSTAME "
,https://www.youtube.com/watch?v=cDyv_BlmZvM&pp=ygUFQXVyb24%3D,buenas tardes auron
,https://www.youtube.com/watch?v=cDyv_BlmZvM&pp=ygUFQXVyb24%3D,Yo por hay noooo paso 
,https://www.youtube.com/watch?v=cDyv_BlmZvM&pp=ygUFQXVyb24%3D,Tengo una pregunta como se llama el juego?
,https://www.youtube.com/watch?v=cDyv_BlmZvM&pp=ygUFQXVyb24%3D,VIEJO SABROSO
,https://www.youtube.com/watch?v=cDyv_BlmZvM&pp=ygUFQXVyb24%3D,Ese viejo esta explotadno a sus empleados...
,https://www.youtube.com/watch?v=cDyv_BlmZvM&pp=ygUFQXVyb24%3D,parece stock de py ajajsas
,https://www.youtube.com/watch?v=cDyv_BlmZvM&pp=ygUFQXVyb24%3D,Yo quer√≠a contratar papel higi√©nico efecto lija para un amigo
,https://www.youtube.com/watch?v=cDyv_BlmZvM&pp=ygUFQXVyb24%3D,Tiembla Walmart 
,https://www.youtube.com/watch?v=cDyv_BlmZvM&pp=ygUFQXVyb24%3D,Buen video 
,https://www.youtube.com/watch?v=cDyv_BlmZvM&pp=ygUFQXVyb24%3D,"El mejor plan para comer, ver a auron atendiendo su supermercado d mierda"
,https://www.youtube.com/watch?v=cDyv_BlmZvM&pp=ygUFQXVyb24%3D,Yo literalmente me vicie
,https://www.youtube.com/watch?v=cDyv_BlmZvM&pp=ygUFQXVyb24%3D,Nos lo dice a nosotros o se lo dice a Jokki lo de ser el mejor jefe? XD
,https://www.youtube.com/watch?v=cDyv_BlmZvM&pp=ygUFQXVyb24%3D,
,https://www.youtube.com/watch?v=cDyv_BlmZvM&pp=ygUFQXVyb24%3D,Como se llama el juego
,https://www.youtube.com/watch?v=cDyv_BlmZvM&pp=ygUFQXVyb24%3D,"A mi me encanta el cilantro y culantro pero algo que si detesto seria, La cebolla"
,https://www.youtube.com/watch?v=cDyv_BlmZvM&pp=ygUFQXVyb24%3D,Xd
,https://www.youtube.com/watch?v=cDyv_BlmZvM&pp=ygUFQXVyb24%3D,Like si m√≠ novia me enga√±a
,https://www.youtube.com/watch?v=cDyv_BlmZvM&pp=ygUFQXVyb24%3D,pero mira nada mas volvio EL PAYASO!!!  XD un saludito
,https://www.youtube.com/watch?v=cDyv_BlmZvM&pp=ygUFQXVyb24%3D,Como se llama el juego?
,https://www.youtube.com/watch?v=cDyv_BlmZvM&pp=ygUFQXVyb24%3D,Empez√≥ mi novela
,https://www.youtube.com/watch?v=cDyv_BlmZvM&pp=ygUFQXVyb24%3D,Auron sube un video ya de supermarket simulator por favor
,https://www.youtube.com/watch?v=cDyv_BlmZvM&pp=ygUFQXVyb24%3D,¬øC√≥mo se llama el juego?
,https://www.youtube.com/watch?v=cDyv_BlmZvM&pp=ygUFQXVyb24%3D,te amoooo
,https://www.youtube.com/watch?v=cDyv_BlmZvM&pp=ygUFQXVyb24%3D,C√≥mo se llama el juego???
,https://www.youtube.com/watch?v=cDyv_BlmZvM&pp=ygUFQXVyb24%3D,"Auron por qu√© dejaste de subir videos al canal de auronplay? Me gustan mucho tus bromas tel√©fonicas, extra√±o a Ra√∫l de hace 6 a√±os"
,https://www.youtube.com/watch?v=cDyv_BlmZvM&pp=ygUFQXVyb24%3D,Quiero las dos limited 
,https://www.youtube.com/watch?v=cDyv_BlmZvM&pp=ygUFQXVyb24%3D,como se llama el juego ???
,https://www.youtube.com/watch?v=cDyv_BlmZvM&pp=ygUFQXVyb24%3D,porque sacaste el video nuevo yo lo queria ver
,https://www.youtube.com/watch?v=cDyv_BlmZvM&pp=ygUFQXVyb24%3D,H√°gale pues y ponga pasillos en el mercado
,https://www.youtube.com/watch?v=cDyv_BlmZvM&pp=ygUFQXVyb24%3D,Sube uno de hit man
,https://www.youtube.com/watch?v=cDyv_BlmZvM&pp=ygUFQXVyb24%3D,COMENTARIO 188 de este fabuloso video
,https://www.youtube.com/watch?v=cDyv_BlmZvM&pp=ygUFQXVyb24%3D,"En Argentina no se dice reponedor o reparatidor, se dice reponedor"
,https://www.youtube.com/watch?v=cDyv_BlmZvM&pp=ygUFQXVyb24%3D,nuevo sub auron
,https://www.youtube.com/watch?v=cDyv_BlmZvM&pp=ygUFQXVyb24%3D,como se llama el juego?
,https://www.youtube.com/watch?v=cDyv_BlmZvM&pp=ygUFQXVyb24%3D,Hasta yo me he quedado viciado con el de m√≥vil
,https://www.youtube.com/watch?v=cDyv_BlmZvM&pp=ygUFQXVyb24%3D,C√≥mo se llama el juego?
,https://www.youtube.com/watch?v=cDyv_BlmZvM&pp=ygUFQXVyb24%3D,Buenas tardes 
,https://www.youtube.com/watch?v=cDyv_BlmZvM&pp=ygUFQXVyb24%3D,Enseri√≥ no entiendo porque alguien jugar√≠a (y disfrutar√≠a) un simulador de TRABAJAR kgnekngkengk
,https://www.youtube.com/watch?v=cDyv_BlmZvM&pp=ygUFQXVyb24%3D,Hola auron Ô∏è
,https://www.youtube.com/watch?v=cDyv_BlmZvM&pp=ygUFQXVyb24%3D,Siuuuuuuuuuu aurooooon nuevo videoooo de s√∫per mercado pero bueno sigo con las esperanzas de que me leas
,https://www.youtube.com/watch?v=cDyv_BlmZvM&pp=ygUFQXVyb24%3D,Buah vaya timing para comer 
,https://www.youtube.com/watch?v=cDyv_BlmZvM&pp=ygUFQXVyb24%3D,Ya lo esperabaÔ∏è
,https://www.youtube.com/watch?v=cDyv_BlmZvM&pp=ygUFQXVyb24%3D,Pero y ese titulo joki 
,https://www.youtube.com/watch?v=cDyv_BlmZvM&pp=ygUFQXVyb24%3D,Primera vez que llego temprano
,https://www.youtube.com/watch?v=cDyv_BlmZvM&pp=ygUFQXVyb24%3D,aqui como to los dias ü´∂
,https://www.youtube.com/watch?v=cDyv_BlmZvM&pp=ygUFQXVyb24%3D,alguien sabe que hacer cuando los bodegueros se quedan bugueados en una zona?
,https://www.youtube.com/watch?v=cDyv_BlmZvM&pp=ygUFQXVyb24%3D,"repartidor 
reponedor "
,https://www.youtube.com/watch?v=cDyv_BlmZvM&pp=ygUFQXVyb24%3D,Puedo comprar si vivo en Inglaterra?
,https://www.youtube.com/watch?v=cDyv_BlmZvM&pp=ygUFQXVyb24%3D,se han dado cuenta que falta sal?
,https://www.youtube.com/watch?v=cDyv_BlmZvM&pp=ygUFQXVyb24%3D,El comentario con m√°s like es... Espera. A mi si me dan atenci√≥n en casa y si tengo amigos
,https://www.youtube.com/watch?v=cDyv_BlmZvM&pp=ygUFQXVyb24%3D,Ay tia me meo
,https://www.youtube.com/watch?v=cDyv_BlmZvM&pp=ygUFQXVyb24%3D,Cuando vas a jugar al sea of thieve?
,https://www.youtube.com/watch?v=cDyv_BlmZvM&pp=ygUFQXVyb24%3D,Grandeeeeee calvo ! 
,https://www.youtube.com/watch?v=cDyv_BlmZvM&pp=ygUFQXVyb24%3D,auro eres la ostia
,https://www.youtube.com/watch?v=cDyv_BlmZvM&pp=ygUFQXVyb24%3D,conmigo auron : RE-PO-SI-TOR repartidor son los de uber eats
,https://www.youtube.com/watch?v=cDyv_BlmZvM&pp=ygUFQXVyb24%3D,"Si desde mi celular esta dif√≠cil, yo lo tengo y lo estoy jugando"
,https://www.youtube.com/watch?v=cDyv_BlmZvM&pp=ygUFQXVyb24%3D,Al auron le gusta la cabe zona  salu2
,https://www.youtube.com/watch?v=cDyv_BlmZvM&pp=ygUFQXVyb24%3D,
,https://www.youtube.com/watch?v=cDyv_BlmZvM&pp=ygUFQXVyb24%3D,Quiero la limited 
,https://www.youtube.com/watch?v=cDyv_BlmZvM&pp=ygUFQXVyb24%3D,Q tengas un buen d√≠a viejo sabroso
,https://www.youtube.com/watch?v=cDyv_BlmZvM&pp=ygUFQXVyb24%3D,"Quien edita estos videos, merece un aumento "
,https://www.youtube.com/watch?v=cDyv_BlmZvM&pp=ygUFQXVyb24%3D,
,https://www.youtube.com/watch?v=cDyv_BlmZvM&pp=ygUFQXVyb24%3D,"Me comi un anuncio del uron, y yo pagando prime Ô∏è"
,https://www.youtube.com/watch?v=cDyv_BlmZvM&pp=ygUFQXVyb24%3D,"No leo lloros, me refiero a los clientes no a ustedes.
Jajaja"
,https://www.youtube.com/watch?v=cDyv_BlmZvM&pp=ygUFQXVyb24%3D,
,https://www.youtube.com/watch?v=cDyv_BlmZvM&pp=ygUFQXVyb24%3D,Shhh empez√≥ mi novela
,https://www.youtube.com/watch?v=cDyv_BlmZvM&pp=ygUFQXVyb24%3D,Cuando vas a volver a √©xodo?Ô∏è
,https://www.youtube.com/watch?v=cDyv_BlmZvM&pp=ygUFQXVyb24%3D,"JOKKY NO LABURAAAA 1 A√ëO MAS TARDE SUBE LOS VIDEOS CUANDO AURON YA A TERMINADO LA SERIE, CONFIRMEN. "
,https://www.youtube.com/watch?v=cDyv_BlmZvM&pp=ygUFQXVyb24%3D,Llego la hora del almuerzo
,https://www.youtube.com/watch?v=cDyv_BlmZvM&pp=ygUFQXVyb24%3D,Grande
,https://www.youtube.com/watch?v=cDyv_BlmZvM&pp=ygUFQXVyb24%3D,Estar√≠a genial que no cortaran tanto el directo. A veces no hace sentido o se pierden partes importantes 
,https://www.youtube.com/watch?v=cDyv_BlmZvM&pp=ygUFQXVyb24%3D,
,https://www.youtube.com/watch?v=cDyv_BlmZvM&pp=ygUFQXVyb24%3D,"Si haces pedidos de 6 en lugar de 10 te ahorras parte de los portes, a la larga se nota mucho."
,https://www.youtube.com/watch?v=cDyv_BlmZvM&pp=ygUFQXVyb24%3D,
,https://www.youtube.com/watch?v=cDyv_BlmZvM&pp=ygUFQXVyb24%3D,C√≥mo se llama este juego ??
,https://www.youtube.com/watch?v=cDyv_BlmZvM&pp=ygUFQXVyb24%3D,Donde puedo comprar este juego??
,https://www.youtube.com/watch?v=cDyv_BlmZvM&pp=ygUFQXVyb24%3D,"Hasta que auron no se organice, no va a ver nunca las ganancias, mientras el siga comprando a lo loco, la ganancias se le va a ir en producto que compra de mas, llenalo todo, vende todo el dia, y al final repones lo que vendiste y ya"
,https://www.youtube.com/watch?v=cDyv_BlmZvM&pp=ygUFQXVyb24%3D,Los p√°jaros son del juego?
,https://www.youtube.com/watch?v=cDyv_BlmZvM&pp=ygUFQXVyb24%3D,"Lo voy a bajar un poco ""procede a bajarle 10 centavos"""
,https://www.youtube.com/watch?v=cDyv_BlmZvM&pp=ygUFQXVyb24%3D,
,https://www.youtube.com/watch?v=cDyv_BlmZvM&pp=ygUFQXVyb24%3D,Ya le dijo Taylor Swift a la rubia
,https://www.youtube.com/watch?v=cDyv_BlmZvM&pp=ygUFQXVyb24%3D,"Buenas, c√≥mo se llama el juego en Android"
,https://www.youtube.com/watch?v=cDyv_BlmZvM&pp=ygUFQXVyb24%3D,Este juego para ordenador es pagando no?
,https://www.youtube.com/watch?v=cDyv_BlmZvM&pp=ygUFQXVyb24%3D,Holiwis
,https://www.youtube.com/watch?v=cDyv_BlmZvM&pp=ygUFQXVyb24%3D,
,https://www.youtube.com/watch?v=cDyv_BlmZvM&pp=ygUFQXVyb24%3D,JOKKI POR FINNNNN trabaja co√±o
,https://www.youtube.com/watch?v=cDyv_BlmZvM&pp=ygUFQXVyb24%3D,"mientras Nony juega al almacen de ropa simulator, Auron lo juega en la vida Real"
,https://www.youtube.com/watch?v=cDyv_BlmZvM&pp=ygUFQXVyb24%3D,
,https://www.youtube.com/watch?v=cDyv_BlmZvM&pp=ygUFQXVyb24%3D,nadie la a dicho a auron que tiene que poner el precio establecido en el juego? siempre los pone mas caros el colgao jajajaaj
,https://www.youtube.com/watch?v=cDyv_BlmZvM&pp=ygUFQXVyb24%3D,Sal√∫dame auron
,https://www.youtube.com/watch?v=cDyv_BlmZvM&pp=ygUFQXVyb24%3D,beunassss saludame crack
,https://www.youtube.com/watch?v=cDyv_BlmZvM&pp=ygUFQXVyb24%3D,Alguien me dice donde puedo descargar el juego y en que plataforma?
,https://www.youtube.com/watch?v=cDyv_BlmZvM&pp=ygUFQXVyb24%3D,Est√© wey no se retiraba este a√±o? Jajs(cero hate XD no fuera de mame cero hate soy de M√©xico)
,https://www.youtube.com/watch?v=cDyv_BlmZvM&pp=ygUFQXVyb24%3D,Auron esta hablando como el xiokas
,https://www.youtube.com/watch?v=cDyv_BlmZvM&pp=ygUFQXVyb24%3D,
,https://www.youtube.com/watch?v=cDyv_BlmZvM&pp=ygUFQXVyb24%3D,Yo si que no paso 18:12
,https://www.youtube.com/watch?v=cDyv_BlmZvM&pp=ygUFQXVyb24%3D,Auron las ganancias son pocas
,https://www.youtube.com/watch?v=cDyv_BlmZvM&pp=ygUFQXVyb24%3D,Por que se guardan los directos en Twitch con calidad 720?
,https://www.youtube.com/watch?v=cDyv_BlmZvM&pp=ygUFQXVyb24%3D,"y escupo la pantalla xdxd, la gente se va enfadar por que no los escupiste a ellos uwu"
,https://www.youtube.com/watch?v=cDyv_BlmZvM&pp=ygUFQXVyb24%3D,Holaaa!!!
